age,gender,study_hours_per_day,social_media_hours,netflix_hours,part_time_job,attendance_percentage,sleep_hours,diet_quality,exercise_frequency,parental_education_level,internet_quality,mental_health_rating,extracurricular_participation,exam_score
23,1.0,0.0,1.2,1.1,0,85.0,8.0,1,6,4.0,1,8,1,56.2
20,1.0,6.9,2.8,2.3,0,97.3,4.6,2,6,1.0,1,8,0,100.0
21,0.0,1.4,3.1,1.3,0,94.8,8.0,0,1,1.0,0,1,0,34.3
23,1.0,1.0,3.9,1.0,0,71.0,9.2,0,4,4.0,2,1,1,26.8
19,1.0,5.0,4.4,0.5,0,90.9,4.9,1,3,4.0,2,1,0,66.4
24,0.0,7.2,1.3,0.0,0,82.9,7.4,1,1,4.0,1,4,0,100.0
21,1.0,5.6,1.5,1.4,1,85.8,6.5,2,2,4.0,0,4,0,89.8
21,1.0,4.3,1.0,2.0,1,77.7,4.6,1,0,3.0,1,8,0,72.6
23,1.0,4.4,2.2,1.7,0,100.0,7.1,2,3,3.0,2,1,0,78.9
18,1.0,4.8,3.1,1.3,0,95.4,7.5,2,5,3.0,2,10,1,100.0
19,1.0,4.6,3.7,0.8,0,77.6,5.8,1,1,,2,3,0,63.3
23,0.0,3.9,2.4,2.5,0,71.7,7.9,1,2,3.0,1,1,0,74.4
19,1.0,3.7,2.1,0.4,1,81.1,4.5,1,1,3.0,2,9,0,76.9
19,1.0,3.4,2.7,2.7,0,89.3,4.7,1,4,3.0,2,10,0,75.8
24,0.0,2.4,1.5,0.7,0,87.4,6.7,0,6,3.0,1,9,0,78.9
21,0.0,3.1,5.0,1.0,0,97.5,6.5,2,6,1.0,1,7,0,74.0
20,0.0,1.0,0.6,0.2,0,92.9,5.6,0,3,1.0,0,8,1,55.2
24,1.0,3.4,2.7,1.2,0,94.7,7.5,0,0,1.0,1,1,1,70.8
24,,2.0,4.9,2.9,1,88.3,7.1,2,2,1.0,2,5,0,43.9
19,0.0,1.8,2.5,2.4,0,71.1,7.5,1,1,1.0,1,2,0,45.3
22,1.0,3.8,2.3,2.9,0,83.0,6.4,2,3,4.0,2,1,0,58.5
21,0.0,5.6,2.1,2.4,0,95.6,7.2,1,1,1.0,2,3,0,82.5
18,,4.9,2.3,0.6,0,84.5,6.0,1,3,1.0,1,7,0,98.7
24,1.0,1.1,4.1,1.4,1,90.0,9.0,1,6,3.0,2,1,0,43.7
20,1.0,2.0,0.0,0.9,1,81.8,5.5,1,4,3.0,1,2,0,54.9
22,0.0,4.9,4.3,3.3,0,74.7,9.0,1,1,1.0,1,2,1,69.9
22,0.0,2.0,0.8,0.5,0,83.8,6.5,2,4,3.0,0,4,0,73.5
18,0.0,3.2,2.2,2.8,1,88.1,4.8,1,5,3.0,1,3,0,71.1
24,0.0,4.3,2.0,2.8,1,78.4,8.1,2,5,1.0,0,3,1,82.8
20,1.0,2.0,3.2,3.8,1,82.6,6.7,0,6,1.0,0,10,1,75.7
21,1.0,3.7,0.6,1.3,0,75.6,7.5,1,2,4.0,1,5,0,70.6
17,,1.5,3.1,2.6,1,96.2,8.0,1,4,3.0,1,3,1,51.3
20,,2.6,4.9,4.3,0,82.1,6.9,2,3,3.0,2,7,0,52.1
18,1.0,4.0,0.9,1.1,0,99.5,5.8,0,2,,1,5,0,70.7
22,1.0,1.1,2.7,0.1,0,100.0,7.7,1,1,1.0,2,4,0,51.2
21,1.0,4.2,1.7,0.0,1,84.2,6.5,2,1,3.0,1,3,0,72.6
20,1.0,3.5,3.0,2.6,0,74.9,7.3,1,3,1.0,2,4,0,70.7
17,0.0,4.3,2.5,0.0,1,64.1,3.9,2,0,1.0,1,2,0,59.4
17,0.0,3.8,1.7,1.4,0,70.3,7.0,0,0,3.0,2,1,0,58.1
19,0.0,5.5,3.1,2.3,0,71.3,5.7,2,1,1.0,1,3,0,82.3
19,1.0,3.7,4.7,2.0,0,98.8,8.5,2,6,3.0,2,2,0,69.7
23,1.0,2.9,2.3,2.3,0,86.2,7.2,2,6,3.0,1,1,0,66.0
18,0.0,3.7,3.4,2.0,0,88.9,6.8,1,3,1.0,0,1,1,63.5
24,1.0,4.3,0.9,3.2,0,62.8,7.1,0,0,3.0,2,2,0,65.7
20,1.0,3.6,1.4,0.8,0,73.0,5.3,2,4,1.0,0,9,0,78.5
20,0.0,3.6,3.1,1.1,0,93.9,8.4,1,1,3.0,1,5,1,75.1
24,0.0,2.4,4.3,1.0,0,87.9,8.9,0,5,1.0,1,9,1,71.0
23,1.0,2.5,2.9,2.7,0,83.5,7.0,2,4,,2,8,1,59.7
22,1.0,1.4,2.1,2.8,0,90.6,8.4,1,3,3.0,2,6,0,52.6
22,1.0,6.1,2.5,2.3,0,100.0,5.8,0,5,1.0,1,1,0,96.5
23,1.0,1.6,1.0,3.1,0,82.8,5.5,1,4,4.0,2,10,1,62.0
22,1.0,2.5,3.2,0.5,0,85.7,6.5,0,0,1.0,1,5,0,59.7
19,1.0,2.4,3.6,3.6,0,86.9,7.0,1,6,1.0,1,1,0,48.4
20,1.0,4.8,2.0,3.5,0,100.0,6.0,2,0,3.0,2,7,1,70.6
23,1.0,3.1,1.9,2.6,1,64.0,7.1,1,5,1.0,2,10,0,68.1
20,0.0,5.4,2.8,3.8,0,91.8,6.9,2,2,1.0,2,8,0,87.2
24,0.0,2.5,2.0,0.0,0,83.9,5.3,2,6,3.0,1,8,0,66.7
17,0.0,3.9,2.4,1.2,0,90.7,7.1,2,1,3.0,1,7,1,75.2
19,1.0,2.2,5.0,1.0,0,78.4,7.5,0,5,4.0,1,2,1,46.4
21,1.0,6.7,2.2,2.6,0,84.5,6.7,2,3,4.0,1,5,1,97.1
19,1.0,1.7,2.1,0.6,1,92.1,7.9,1,1,1.0,1,4,0,61.2
23,0.0,4.0,1.7,2.6,0,100.0,5.0,1,4,3.0,2,5,0,75.0
21,0.0,4.5,3.4,3.3,1,93.1,7.1,2,6,1.0,2,10,0,94.7
17,0.0,4.1,2.3,2.6,1,76.5,5.1,1,3,3.0,1,9,0,77.6
23,0.0,3.2,1.7,2.1,0,80.8,5.2,2,3,1.0,0,4,1,68.6
18,1.0,3.3,4.1,0.7,0,80.5,5.7,0,0,4.0,2,8,0,69.6
20,0.0,3.6,4.2,0.9,0,67.0,5.4,2,4,3.0,1,8,0,66.5
17,0.0,3.3,1.8,3.2,0,81.7,5.8,0,0,4.0,2,2,0,62.2
20,1.0,4.9,0.3,2.7,1,92.3,6.2,2,0,3.0,0,6,0,82.1
22,0.0,6.8,3.7,1.8,0,72.3,7.5,0,6,4.0,1,5,0,100.0
18,1.0,2.7,1.7,1.3,0,95.5,6.1,0,2,3.0,2,2,1,59.7
18,1.0,1.4,3.4,0.0,0,89.9,4.6,1,0,1.0,0,10,1,55.1
17,0.0,3.4,0.1,0.6,0,77.7,7.9,1,1,1.0,1,4,1,77.1
18,1.0,7.4,3.6,3.9,0,83.6,5.5,1,3,1.0,1,7,1,97.7
21,1.0,2.3,1.0,0.4,0,100.0,6.4,1,6,,2,1,0,66.9
18,1.0,6.0,3.4,2.0,1,92.3,7.0,1,0,3.0,2,9,1,99.9
20,0.0,6.0,2.5,2.9,0,85.1,6.7,0,5,3.0,1,10,1,100.0
20,1.0,2.7,1.4,0.4,0,82.6,7.8,1,1,3.0,0,1,0,57.2
23,1.0,4.4,2.0,2.0,1,85.8,7.1,2,4,4.0,2,5,0,77.3
20,0.0,5.9,3.3,2.8,1,79.9,5.5,2,3,4.0,1,7,0,91.6
23,0.0,2.9,2.6,1.8,0,64.0,9.1,2,6,1.0,2,8,0,70.7
20,,3.2,3.2,5.0,0,100.0,6.7,2,5,1.0,0,2,0,57.6
21,1.0,2.6,4.9,0.0,1,86.6,6.3,1,6,1.0,0,4,0,60.2
24,0.0,2.0,0.6,3.0,0,89.0,7.7,0,6,1.0,2,2,1,50.5
23,1.0,2.5,4.4,1.6,0,84.4,6.8,1,5,3.0,1,4,0,51.3
19,0.0,1.7,2.6,2.6,0,77.6,7.0,2,4,3.0,2,6,0,53.5
22,0.0,3.6,1.4,2.3,0,83.1,9.5,2,5,3.0,0,6,0,79.2
17,0.0,2.3,0.9,1.0,0,69.0,6.2,1,1,4.0,1,2,1,47.2
20,0.0,3.9,2.3,2.1,0,100.0,6.1,0,6,3.0,2,4,0,73.4
18,0.0,1.2,3.6,0.0,0,72.7,6.6,0,4,1.0,1,4,1,41.1
24,0.0,4.0,2.3,2.5,0,74.7,7.8,1,6,3.0,2,1,0,77.8
20,1.0,4.8,4.3,2.1,0,80.6,4.7,1,5,1.0,1,2,0,63.4
18,0.0,0.5,0.8,2.5,1,97.9,4.1,0,4,1.0,2,3,0,43.9
22,0.0,4.1,2.5,3.0,0,85.1,5.8,2,4,,2,5,0,70.2
22,1.0,5.3,1.0,2.2,0,72.6,4.5,1,0,1.0,1,8,0,81.3
22,0.0,1.7,2.9,2.0,0,97.5,6.0,2,0,1.0,2,6,0,50.2
18,1.0,6.0,3.6,0.8,0,92.3,7.1,2,0,1.0,2,3,0,87.9
20,0.0,4.1,2.0,1.0,0,90.4,5.4,2,5,3.0,1,6,0,80.9
22,0.0,2.4,0.0,3.1,0,92.2,4.8,2,3,3.0,2,7,1,63.9
21,0.0,3.4,2.7,3.4,0,100.0,6.6,2,1,1.0,2,6,0,65.6
23,0.0,4.3,3.0,1.5,0,100.0,7.5,2,5,,1,10,1,93.2
18,0.0,3.6,3.0,1.9,0,78.1,4.5,2,6,3.0,1,6,0,74.0
18,0.0,4.3,4.0,0.8,0,100.0,7.5,1,0,,1,1,0,60.8
20,0.0,2.1,1.2,3.1,0,88.8,7.5,2,4,4.0,1,3,0,50.4
18,0.0,3.8,3.3,2.5,0,90.0,7.6,2,5,3.0,2,7,0,74.3
18,0.0,1.4,3.9,3.9,1,68.1,8.0,2,4,1.0,1,4,1,32.8
22,0.0,3.3,0.4,0.8,0,83.3,9.1,2,6,1.0,2,4,1,82.3
20,0.0,2.1,2.9,1.4,0,76.9,6.1,1,4,,1,7,0,60.4
22,1.0,2.4,1.9,2.1,0,93.3,6.6,0,4,1.0,1,9,1,60.0
23,1.0,5.4,2.4,2.5,0,95.7,6.0,1,2,1.0,2,2,0,77.5
24,0.0,5.1,2.9,1.6,0,64.3,6.5,1,3,3.0,1,9,1,86.5
23,1.0,4.4,1.9,0.8,0,84.8,8.3,2,1,1.0,1,3,0,76.9
24,1.0,1.9,1.7,2.8,0,96.2,4.9,1,1,3.0,0,6,1,43.9
22,0.0,3.0,2.5,2.6,0,83.1,5.5,1,0,3.0,1,4,0,51.3
23,1.0,5.3,1.2,0.8,0,92.3,8.2,1,2,1.0,1,1,0,83.3
20,1.0,3.7,1.2,3.3,0,88.5,7.7,0,5,,2,9,0,82.7
17,0.0,7.0,3.3,3.1,0,88.4,6.1,2,5,,1,6,1,94.8
22,0.0,4.1,1.1,1.9,0,82.3,7.5,2,1,,2,8,0,80.8
24,1.0,3.8,3.3,1.9,0,72.8,6.9,0,3,3.0,2,2,1,58.3
21,1.0,3.0,3.1,2.4,1,73.8,8.3,1,4,1.0,1,7,0,66.3
24,0.0,3.7,0.4,0.9,0,92.1,6.6,1,6,3.0,1,6,0,87.9
21,0.0,3.3,1.7,1.8,0,85.2,7.7,0,0,1.0,2,2,0,60.5
18,0.0,4.6,3.9,0.0,0,83.6,9.7,0,3,1.0,2,2,0,84.8
23,1.0,4.9,1.3,2.8,0,80.8,7.2,2,1,3.0,1,4,0,77.0
21,1.0,2.3,1.9,0.1,0,81.9,6.6,1,2,3.0,1,4,0,61.7
24,0.0,1.5,3.1,3.5,0,95.5,7.4,1,0,1.0,1,3,0,44.0
18,0.0,0.7,3.4,1.4,1,81.6,6.1,0,1,1.0,0,8,0,42.4
17,1.0,4.3,2.2,1.6,0,71.6,9.4,2,5,3.0,2,7,0,88.0
20,0.0,1.8,1.8,1.1,0,92.4,6.7,2,0,1.0,2,2,0,48.7
20,0.0,0.3,4.2,1.5,0,83.0,6.2,2,1,1.0,1,3,1,26.8
20,1.0,4.1,4.6,3.4,0,85.3,5.5,0,5,3.0,2,10,0,81.6
21,1.0,7.2,3.7,0.0,0,100.0,7.8,2,6,1.0,2,9,0,100.0
17,1.0,3.5,2.6,3.2,1,84.8,7.5,1,5,3.0,1,5,1,74.0
21,1.0,4.8,1.5,2.2,0,87.9,5.9,1,4,3.0,0,2,1,78.4
23,0.0,3.6,1.5,0.5,0,73.2,7.2,1,2,3.0,2,3,0,70.7
21,0.0,3.4,3.1,0.6,0,82.8,4.7,1,4,3.0,2,8,0,74.3
17,1.0,4.9,3.0,3.6,0,91.1,6.7,2,1,3.0,2,4,0,67.6
17,0.0,3.1,4.2,0.8,0,69.4,7.0,2,6,3.0,0,2,0,64.7
23,0.0,3.9,3.3,0.5,0,87.0,8.5,1,3,4.0,1,2,0,64.1
17,0.0,4.0,0.7,3.1,0,86.0,5.6,2,6,1.0,0,6,0,83.5
24,0.0,2.5,3.8,2.2,0,85.4,5.0,2,6,1.0,2,8,0,63.4
17,0.0,5.0,1.3,0.8,0,95.4,5.4,2,6,3.0,2,7,0,96.2
20,0.0,3.2,2.0,2.0,0,88.3,4.9,1,4,3.0,0,4,1,65.4
24,0.0,2.4,2.8,0.7,0,99.8,8.1,1,3,,2,2,0,62.0
24,0.0,4.3,4.9,3.0,0,75.1,8.4,1,5,4.0,2,9,1,74.0
23,1.0,2.2,6.2,3.0,0,86.4,6.9,2,1,,2,4,0,46.7
19,1.0,3.5,3.2,2.4,0,85.8,8.0,0,2,3.0,2,9,0,75.5
19,1.0,3.5,2.3,2.2,0,74.3,6.7,1,3,3.0,0,5,1,78.1
17,1.0,5.1,3.1,3.7,0,94.6,6.4,1,1,4.0,2,7,0,85.2
24,1.0,4.2,3.6,1.8,1,100.0,6.1,1,3,,0,5,0,75.4
19,0.0,3.5,2.1,0.5,1,84.8,6.1,2,4,3.0,1,2,0,64.2
19,1.0,4.7,4.7,2.3,0,90.1,4.6,2,1,1.0,2,6,0,69.7
17,1.0,5.6,2.8,4.1,0,85.8,6.8,2,4,1.0,2,7,0,90.3
19,1.0,4.3,3.1,0.7,0,77.9,6.5,2,0,,1,6,0,81.4
21,0.0,3.5,3.3,1.4,0,66.8,7.4,1,1,3.0,2,3,0,65.0
18,0.0,1.5,3.0,2.3,0,77.9,6.6,1,3,1.0,2,10,0,57.3
23,0.0,1.9,3.5,1.7,1,71.1,6.3,1,0,1.0,2,8,0,57.7
18,0.0,3.0,1.8,0.7,0,100.0,5.5,0,4,3.0,0,3,0,56.7
17,1.0,2.6,1.8,3.0,0,83.8,6.6,1,4,3.0,2,5,1,62.3
20,1.0,3.2,1.2,4.4,0,81.5,7.4,2,3,3.0,1,9,0,77.9
23,0.0,3.6,3.0,2.0,0,93.9,5.1,1,0,4.0,1,5,0,65.2
17,,4.3,3.4,0.8,0,73.8,6.6,2,6,1.0,1,7,0,76.8
24,1.0,3.4,3.0,0.1,0,77.3,6.8,1,5,4.0,1,7,0,83.8
20,0.0,4.2,4.5,2.1,0,85.7,5.6,0,2,4.0,2,5,0,70.6
18,0.0,3.6,2.5,3.0,0,95.3,5.8,0,3,1.0,1,2,1,63.1
17,0.0,0.5,3.3,2.3,0,90.0,6.8,1,4,1.0,2,5,0,39.0
24,0.0,2.1,1.2,1.8,0,87.5,5.1,1,1,1.0,1,7,0,66.7
23,0.0,3.3,2.0,1.2,1,85.8,6.9,0,0,1.0,2,7,0,72.2
23,0.0,1.7,3.3,0.6,0,89.0,5.4,1,5,3.0,2,4,1,50.1
22,0.0,4.4,3.5,2.7,1,87.0,7.8,1,2,3.0,2,1,0,62.4
24,0.0,5.8,2.1,2.8,0,74.7,9.3,1,1,3.0,2,6,0,96.6
21,1.0,5.3,2.4,0.1,0,85.5,5.5,2,0,3.0,2,3,1,85.8
19,0.0,3.2,0.7,3.5,0,74.3,7.1,2,5,1.0,2,5,0,68.3
20,1.0,5.7,2.1,2.4,0,85.8,5.6,1,3,4.0,2,4,1,83.8
24,0.0,3.7,3.6,3.3,1,80.2,7.7,2,5,1.0,0,2,0,69.3
22,,3.0,3.2,0.3,0,100.0,5.0,2,3,4.0,2,7,0,65.3
19,0.0,2.6,3.1,0.3,0,84.6,7.1,2,6,1.0,1,5,1,77.5
19,0.0,3.0,2.6,1.6,0,71.0,5.5,1,0,4.0,1,7,1,55.0
17,,2.9,2.5,2.4,1,83.7,6.3,0,5,,2,9,0,65.2
19,1.0,3.8,1.7,3.8,0,90.2,5.3,2,2,1.0,1,4,0,58.1
21,1.0,3.7,3.3,2.6,1,100.0,7.5,1,5,,2,5,0,69.2
23,0.0,3.5,3.0,1.5,1,79.1,5.5,2,0,3.0,1,9,0,67.4
22,0.0,4.2,3.1,0.7,0,69.2,7.2,2,1,4.0,0,10,0,79.9
19,1.0,5.3,1.9,3.2,0,93.2,6.1,1,1,1.0,1,4,1,85.7
17,1.0,4.9,0.0,0.7,0,71.2,6.4,1,5,4.0,0,5,0,96.2
21,1.0,1.3,3.8,3.6,1,80.6,6.7,1,5,3.0,2,5,0,40.4
18,1.0,0.0,1.9,1.5,0,82.4,5.6,1,3,3.0,1,8,0,55.2
23,0.0,4.9,1.5,3.5,0,84.3,6.8,1,0,3.0,1,4,0,73.8
23,1.0,1.4,3.3,2.5,0,91.9,8.3,1,3,1.0,0,4,1,46.5
22,0.0,3.2,2.0,1.6,0,78.2,5.6,1,2,1.0,1,7,1,60.5
23,0.0,1.7,3.8,1.2,0,82.3,7.9,0,6,4.0,2,5,0,55.4
19,0.0,0.8,3.2,1.4,0,84.9,8.3,2,1,4.0,1,6,0,45.1
17,1.0,4.3,3.3,2.3,0,86.5,5.5,0,4,4.0,2,6,0,69.4
23,0.0,4.6,0.9,1.9,0,86.0,4.8,2,4,4.0,2,6,0,81.3
23,0.0,2.6,4.0,1.1,0,89.4,6.9,2,0,1.0,2,10,0,66.6
18,1.0,0.0,2.8,1.6,0,93.4,5.8,1,0,3.0,2,5,0,26.7
18,0.0,2.7,2.1,1.9,0,88.9,8.7,2,4,1.0,0,5,0,64.5
20,1.0,4.1,2.7,0.0,0,89.5,6.5,1,0,4.0,1,9,1,87.1
21,0.0,1.3,0.4,2.3,1,69.2,5.5,2,1,1.0,2,8,1,42.2
19,1.0,3.8,3.0,0.7,0,85.5,5.1,1,2,3.0,2,4,0,61.6
23,1.0,3.5,1.3,0.5,0,89.8,7.8,1,2,3.0,2,7,0,81.9
24,0.0,4.4,0.9,0.0,0,92.3,5.8,1,3,1.0,2,8,0,96.5
23,0.0,3.7,0.7,0.0,0,78.1,6.6,1,1,,1,9,0,85.1
17,0.0,2.0,3.8,0.3,0,78.4,7.6,1,6,4.0,0,5,0,58.5
20,0.0,5.3,1.7,1.0,0,79.3,5.9,1,0,3.0,2,3,1,78.4
21,,3.3,4.3,3.9,0,90.4,6.4,1,0,1.0,2,4,0,56.4
24,0.0,3.5,1.9,1.2,0,95.3,6.5,0,6,3.0,1,10,1,92.6
20,1.0,2.1,0.5,2.0,0,80.9,7.3,0,3,3.0,2,6,1,62.3
22,0.0,2.8,1.2,2.2,1,94.1,7.2,1,3,1.0,1,10,0,75.8
21,1.0,2.2,4.0,1.9,0,86.2,6.2,0,0,1.0,1,5,1,47.1
23,1.0,3.2,2.3,1.7,1,83.8,6.6,0,0,4.0,2,9,0,66.3
23,1.0,6.1,1.8,0.5,0,82.9,6.1,2,6,3.0,2,3,1,98.3
21,0.0,1.4,2.7,3.4,0,92.5,4.7,0,1,3.0,1,2,1,29.7
23,0.0,1.1,3.1,3.8,0,88.3,6.8,2,6,3.0,0,6,0,45.5
19,0.0,5.7,3.8,0.0,0,100.0,8.8,1,3,,1,7,0,100.0
21,1.0,3.2,4.2,0.7,0,76.5,5.4,2,6,1.0,2,5,1,67.5
20,1.0,2.5,2.1,1.5,0,90.2,5.6,1,6,1.0,1,1,1,60.3
21,,5.1,0.9,0.7,0,79.7,5.5,1,6,1.0,2,3,0,87.0
24,0.0,2.6,2.0,2.4,0,76.3,7.4,1,1,3.0,2,3,0,48.5
23,1.0,6.2,2.8,1.0,0,84.9,7.0,1,5,4.0,2,4,0,100.0
19,1.0,4.5,1.3,4.2,0,86.4,6.3,1,0,1.0,1,10,0,82.1
19,0.0,2.8,1.4,3.1,0,100.0,5.4,0,4,1.0,2,6,1,63.7
22,0.0,6.7,2.9,2.0,0,83.2,6.6,2,6,3.0,1,5,0,100.0
20,1.0,2.6,2.4,2.9,0,73.7,4.6,1,4,4.0,1,1,0,41.9
18,1.0,4.6,2.5,3.0,0,87.7,6.7,1,5,3.0,0,6,0,72.7
18,1.0,3.9,1.6,1.2,0,64.3,7.5,2,0,4.0,1,9,1,74.3
21,0.0,5.5,2.2,0.9,1,84.1,5.0,1,3,3.0,2,1,0,88.7
22,1.0,5.8,1.4,1.9,0,85.2,4.7,2,4,3.0,1,8,1,96.6
17,0.0,3.5,3.6,2.7,0,92.9,8.4,1,3,1.0,1,8,1,72.6
21,0.0,2.4,3.7,2.0,0,94.7,5.8,2,4,1.0,2,3,1,52.4
22,0.0,4.2,0.3,0.1,0,80.0,7.9,0,3,1.0,0,9,1,100.0
20,1.0,2.5,1.4,0.9,0,83.5,6.3,2,6,3.0,2,8,0,73.1
20,1.0,6.5,0.7,1.7,0,77.3,6.3,2,4,4.0,1,3,0,100.0
20,1.0,3.7,1.7,1.7,0,73.7,7.0,1,3,4.0,0,10,1,80.8
20,0.0,3.0,2.4,4.0,0,88.1,5.4,0,5,1.0,2,5,0,62.9
20,1.0,3.8,0.8,0.3,0,72.3,6.7,1,1,1.0,0,3,0,71.5
22,0.0,1.5,1.4,2.4,0,80.9,6.0,2,3,1.0,2,5,0,46.2
22,1.0,2.0,1.3,3.4,1,75.0,4.9,1,1,1.0,1,9,0,53.8
19,0.0,5.3,2.7,4.3,0,90.5,6.9,1,1,3.0,0,4,1,74.2
24,0.0,2.5,2.6,1.4,0,100.0,6.2,0,0,4.0,0,6,0,52.5
18,0.0,1.9,1.6,2.3,0,72.0,6.3,1,6,4.0,0,3,0,51.2
23,0.0,4.3,2.7,2.4,1,66.5,5.0,1,5,3.0,0,3,0,60.6
20,1.0,5.3,1.8,2.0,0,83.8,8.4,2,1,3.0,2,5,0,91.5
17,1.0,4.6,2.2,1.7,0,85.2,7.6,1,2,3.0,1,8,0,87.3
23,0.0,5.0,4.5,2.3,0,87.2,7.7,2,6,1.0,1,8,0,98.0
22,1.0,2.4,4.1,0.0,0,80.5,6.1,1,1,3.0,1,3,1,47.9
17,0.0,1.4,0.9,2.6,1,83.0,4.4,0,3,3.0,2,8,0,51.0
17,1.0,5.8,3.5,1.9,0,88.7,8.8,1,1,3.0,2,8,1,90.0
17,1.0,3.0,3.5,1.6,0,95.4,6.4,1,3,1.0,2,3,0,54.1
19,1.0,3.1,1.1,4.1,0,65.4,5.6,2,3,1.0,2,10,1,58.4
22,0.0,5.5,3.5,1.1,1,81.3,7.0,2,2,1.0,1,10,0,100.0
17,1.0,4.3,4.3,1.4,0,87.1,7.9,1,1,4.0,1,2,0,65.2
20,1.0,4.2,1.2,4.0,0,75.8,6.5,1,1,1.0,2,10,0,85.3
21,0.0,6.7,1.4,0.9,0,100.0,8.0,1,4,3.0,2,2,0,93.8
17,0.0,2.5,3.7,1.2,1,78.6,7.8,2,6,3.0,1,9,0,78.8
19,1.0,4.9,2.8,1.6,0,84.6,5.2,2,4,1.0,1,7,0,85.0
23,1.0,3.6,3.2,2.7,0,90.6,5.7,2,0,3.0,2,6,0,64.5
22,1.0,3.9,2.9,2.0,0,79.1,7.6,1,3,4.0,2,7,0,71.0
24,1.0,5.8,3.0,0.4,0,66.5,3.2,1,2,1.0,1,8,0,90.8
19,1.0,4.3,0.9,1.2,0,80.7,6.3,1,4,4.0,2,1,0,72.6
17,0.0,4.3,3.8,1.1,0,95.3,4.8,1,1,1.0,1,8,0,70.9
22,0.0,5.1,3.9,1.7,1,81.6,5.9,1,0,,0,3,1,65.1
21,0.0,3.0,2.2,2.3,0,76.5,6.1,0,2,4.0,1,3,0,49.1
17,1.0,2.2,2.4,2.3,1,94.3,6.1,0,5,3.0,1,6,0,62.7
19,0.0,1.9,0.7,0.0,0,81.7,5.8,2,1,4.0,0,4,0,51.5
18,1.0,0.6,3.1,3.0,0,79.9,5.2,2,1,3.0,2,4,0,18.4
20,1.0,6.6,3.2,2.1,0,86.5,9.3,1,5,4.0,1,4,1,100.0
24,1.0,1.8,2.4,3.3,1,92.7,8.7,1,3,3.0,2,10,0,53.3
23,0.0,3.2,3.8,2.3,0,100.0,5.1,1,3,3.0,0,9,0,76.1
19,1.0,3.1,2.1,3.0,0,93.3,8.4,2,4,3.0,1,8,0,85.6
22,0.0,4.0,3.2,2.3,1,96.6,6.0,2,4,1.0,2,3,1,63.0
24,1.0,4.7,1.3,3.3,1,79.9,6.7,2,1,4.0,2,1,0,73.6
24,0.0,4.8,2.5,2.4,1,74.7,6.4,2,6,1.0,2,1,0,76.2
24,0.0,2.6,2.3,1.7,0,85.6,5.7,1,1,3.0,2,1,1,45.5
17,1.0,3.2,2.8,4.3,0,86.1,7.7,1,4,1.0,1,4,1,58.6
20,0.0,3.9,2.1,2.8,0,74.2,6.7,1,5,3.0,1,6,0,77.8
17,0.0,3.1,2.3,2.4,1,83.2,5.9,1,4,1.0,2,4,1,61.5
22,1.0,5.9,3.5,0.4,0,89.0,4.9,2,1,,2,3,0,71.4
17,1.0,4.2,2.0,0.4,0,88.6,5.4,1,2,4.0,2,8,1,93.9
18,1.0,4.6,0.6,2.1,0,90.0,4.5,0,1,1.0,2,8,0,85.9
20,1.0,4.5,4.6,2.0,0,87.9,6.5,1,2,3.0,2,6,0,73.8
20,1.0,5.3,4.2,1.1,1,79.9,5.1,2,2,1.0,1,9,0,83.3
22,0.0,3.8,0.9,2.0,1,79.9,6.2,1,1,,2,10,0,79.7
23,0.0,1.6,3.3,3.5,1,73.0,8.1,2,6,1.0,2,1,0,47.1
18,0.0,4.1,1.9,2.6,0,100.0,7.9,1,6,3.0,2,8,0,91.9
19,1.0,2.5,2.8,0.5,1,85.1,6.5,0,0,,0,6,1,60.6
17,1.0,2.7,2.9,1.7,0,82.8,6.4,1,4,4.0,1,1,0,46.6
21,0.0,4.4,2.2,0.9,0,75.7,8.8,2,6,1.0,0,4,1,84.2
17,0.0,5.4,1.6,1.4,0,100.0,7.1,1,3,1.0,1,5,0,95.5
24,1.0,3.5,1.7,1.3,0,74.3,6.1,2,1,1.0,2,7,1,73.5
17,0.0,4.0,1.4,1.3,0,80.7,4.8,1,2,,0,8,0,75.9
19,1.0,6.1,1.5,0.4,0,89.2,7.0,0,1,3.0,1,9,0,100.0
17,1.0,3.9,2.4,1.7,1,91.0,7.5,2,4,4.0,1,6,1,74.2
18,1.0,7.4,1.6,1.2,0,94.6,5.7,1,5,3.0,2,10,1,100.0
18,0.0,4.3,3.3,0.0,0,100.0,6.8,1,6,1.0,1,9,0,94.9
20,1.0,0.9,4.3,4.1,0,90.1,6.1,2,6,1.0,1,4,0,27.6
22,1.0,4.6,1.8,3.0,0,74.4,6.3,1,6,1.0,1,8,0,86.2
23,1.0,4.1,2.8,1.4,0,82.4,3.5,2,2,4.0,1,3,0,60.1
21,1.0,5.4,3.1,1.8,0,88.1,6.2,0,3,1.0,1,4,1,91.3
24,1.0,4.5,3.1,0.5,0,100.0,7.7,1,3,3.0,1,10,0,93.8
17,1.0,3.3,2.6,3.7,0,71.0,5.7,0,6,1.0,2,4,1,61.6
17,0.0,1.7,3.4,3.9,1,97.0,6.6,2,3,1.0,1,6,0,41.7
19,1.0,3.2,3.1,2.0,0,86.8,5.6,1,5,1.0,0,9,0,74.5
22,1.0,2.2,1.0,2.9,0,93.4,6.9,2,6,,2,6,0,63.7
18,0.0,2.6,3.5,2.0,0,84.0,6.2,2,0,3.0,1,1,0,39.6
21,1.0,4.4,3.6,0.3,0,76.6,5.4,1,2,1.0,2,5,1,87.5
20,1.0,6.0,1.6,1.3,0,92.5,8.1,1,5,3.0,1,9,0,100.0
18,1.0,4.1,2.5,1.9,1,91.5,7.6,1,2,,2,5,0,75.4
24,0.0,1.7,3.3,1.3,0,94.7,5.8,1,6,4.0,2,6,1,61.5
22,0.0,4.2,2.2,1.6,0,84.9,7.1,1,5,1.0,2,3,1,73.3
24,,5.3,3.8,1.7,0,79.0,7.1,2,6,4.0,1,8,0,96.3
23,1.0,2.6,5.3,1.7,1,69.4,7.3,2,5,3.0,1,10,0,67.0
20,0.0,3.3,1.6,1.9,0,93.2,4.5,2,6,4.0,1,4,0,70.1
23,1.0,3.5,0.8,0.6,0,89.2,7.7,2,0,1.0,2,4,0,84.2
19,1.0,2.3,2.9,1.0,0,75.3,5.8,2,2,3.0,2,5,1,48.9
24,1.0,4.5,3.4,0.4,0,79.6,6.1,1,5,1.0,0,10,0,98.8
19,1.0,3.3,2.2,2.9,1,80.3,9.7,2,0,1.0,0,9,0,76.1
17,0.0,4.1,4.2,0.0,0,70.2,6.9,2,1,1.0,1,8,1,80.4
23,0.0,2.2,0.9,3.1,0,76.8,6.0,1,6,1.0,0,7,0,64.1
22,0.0,2.8,3.3,3.3,0,73.7,3.9,2,4,4.0,1,5,1,59.4
24,1.0,4.6,1.8,1.5,0,80.9,8.2,1,5,,0,9,1,94.2
21,0.0,2.9,4.6,0.0,1,77.6,4.9,2,3,3.0,2,9,1,67.8
20,0.0,6.1,4.9,1.4,0,68.7,5.3,2,0,3.0,2,10,0,96.1
18,0.0,2.9,1.6,1.7,0,100.0,6.1,2,0,3.0,2,10,0,70.2
22,1.0,3.8,1.8,0.7,0,97.5,8.2,1,5,3.0,1,2,0,84.2
22,1.0,4.9,3.5,1.2,0,77.2,7.4,2,0,1.0,2,4,0,75.4
19,0.0,1.4,2.0,3.5,0,87.7,6.3,1,1,3.0,2,8,0,41.7
23,0.0,0.9,2.4,2.5,0,89.2,6.9,1,0,1.0,0,1,0,23.1
24,1.0,1.2,2.5,0.8,1,96.9,5.8,2,4,4.0,2,5,0,50.3
24,0.0,5.4,0.2,0.0,0,76.8,6.7,1,4,3.0,1,8,0,100.0
17,0.0,2.7,2.5,1.4,0,95.9,6.6,2,6,4.0,1,2,0,52.2
17,0.0,7.3,1.7,1.6,0,79.5,7.7,1,6,,1,2,1,100.0
20,0.0,2.7,1.9,2.3,0,71.6,7.7,1,3,1.0,0,8,0,71.2
19,0.0,3.8,4.2,1.2,0,92.2,7.1,2,1,1.0,2,10,0,72.3
22,1.0,5.8,1.0,2.4,0,97.9,6.1,1,4,,1,9,0,100.0
24,0.0,6.5,3.5,3.9,0,100.0,7.4,0,5,1.0,1,7,1,100.0
21,1.0,6.6,2.2,2.7,0,73.0,6.4,2,2,3.0,0,8,1,100.0
19,0.0,5.3,2.2,1.7,0,92.0,5.2,1,2,1.0,2,5,0,93.1
20,1.0,5.0,3.4,1.6,1,80.9,6.0,2,2,3.0,1,1,1,67.7
20,1.0,4.4,2.9,1.4,0,92.8,6.6,1,6,4.0,2,4,1,77.9
19,0.0,4.7,3.2,3.1,1,70.3,7.6,1,5,3.0,2,2,0,80.3
20,1.0,2.7,3.7,1.1,0,72.4,6.3,1,0,1.0,1,3,0,44.3
19,0.0,2.3,2.1,1.8,0,77.2,5.0,1,5,1.0,1,3,0,54.7
18,,3.5,1.8,1.9,0,85.8,6.6,1,0,1.0,2,9,0,85.0
19,0.0,3.2,1.2,1.2,0,78.6,6.6,1,2,1.0,0,10,1,81.7
23,0.0,2.8,1.5,0.3,0,91.6,6.7,1,3,3.0,0,4,0,71.6
19,0.0,4.5,6.0,2.2,1,95.3,7.6,0,3,1.0,2,2,1,73.7
20,,4.9,4.0,1.7,0,91.0,7.7,1,0,4.0,1,3,0,77.0
24,1.0,3.6,0.9,2.4,0,100.0,5.8,0,2,3.0,1,3,0,72.3
23,1.0,5.7,0.9,1.2,0,89.2,5.8,0,5,3.0,1,7,0,100.0
20,0.0,1.8,3.1,3.1,0,72.8,5.3,2,3,1.0,1,8,0,54.0
17,1.0,3.2,3.2,0.8,0,98.6,7.3,2,0,1.0,2,6,0,70.4
17,0.0,2.4,3.2,3.7,0,78.9,8.2,2,5,3.0,2,4,1,47.0
24,1.0,0.7,2.2,0.0,0,94.1,6.1,1,2,1.0,2,6,0,48.7
24,0.0,3.4,2.3,2.3,0,100.0,6.2,2,1,1.0,2,1,0,47.6
23,0.0,3.3,2.9,2.3,1,89.6,8.3,2,2,1.0,1,10,0,81.1
18,0.0,5.8,2.6,0.9,1,70.0,7.1,2,6,1.0,1,8,0,100.0
24,0.0,4.4,0.0,2.3,0,75.8,7.0,1,2,3.0,1,1,0,81.9
17,1.0,2.0,2.2,3.2,0,98.2,5.1,2,5,1.0,1,5,0,56.3
19,0.0,6.3,1.5,0.0,0,83.3,7.3,2,5,3.0,2,2,1,100.0
20,1.0,5.3,2.7,2.4,1,85.8,5.4,2,4,1.0,2,6,0,81.0
17,0.0,4.4,6.1,0.0,0,92.6,5.1,0,4,3.0,1,9,1,84.9
17,1.0,3.2,2.9,0.7,0,92.0,6.1,1,5,4.0,0,5,0,67.9
18,0.0,2.1,2.1,3.6,0,87.8,5.8,1,5,4.0,0,4,0,56.9
23,0.0,2.9,3.6,1.2,0,82.9,6.2,1,1,1.0,1,2,0,45.9
23,1.0,5.1,3.1,0.5,1,81.9,4.8,2,1,,0,3,0,76.0
22,0.0,6.3,3.0,1.6,0,93.6,7.7,0,2,1.0,1,6,1,94.8
18,0.0,5.8,3.2,4.1,0,90.5,7.9,0,6,3.0,2,8,0,99.3
19,1.0,2.8,5.0,0.0,1,82.4,4.2,1,3,3.0,2,8,0,71.0
23,1.0,1.8,1.1,0.6,1,95.8,7.7,0,6,3.0,1,5,0,70.9
20,0.0,3.7,3.1,3.4,1,83.7,5.5,1,1,1.0,1,5,1,59.8
24,0.0,0.8,1.4,3.8,1,76.5,7.5,2,2,3.0,1,10,0,36.0
18,1.0,4.0,3.2,1.7,0,77.4,6.4,1,6,1.0,2,3,0,68.4
24,0.0,3.3,1.4,0.4,0,75.2,6.5,0,0,3.0,2,7,1,72.9
17,0.0,2.8,2.0,4.1,1,82.3,6.3,1,4,1.0,2,6,0,57.3
20,0.0,1.1,2.1,3.6,1,97.3,8.0,1,6,3.0,1,1,1,50.3
20,1.0,4.3,3.7,2.5,0,76.9,5.0,0,3,,2,4,0,65.7
17,1.0,2.7,3.6,0.9,0,86.9,7.2,2,2,1.0,0,6,1,67.9
18,0.0,1.7,1.0,1.7,0,78.4,7.8,2,6,3.0,2,6,0,63.6
17,0.0,0.0,2.6,1.6,0,82.4,7.4,2,5,1.0,1,3,0,32.9
24,0.0,3.5,1.6,2.2,0,69.9,9.3,2,0,3.0,1,6,0,67.7
22,1.0,6.2,1.0,3.4,0,82.8,5.9,0,4,3.0,2,10,0,100.0
20,0.0,6.0,2.2,2.8,1,83.1,7.6,2,0,3.0,1,6,0,96.8
21,0.0,2.8,2.1,0.6,0,90.4,6.4,2,2,1.0,0,9,1,71.0
21,1.0,2.6,5.4,3.3,0,87.2,8.0,2,1,1.0,0,9,0,59.8
24,0.0,4.2,3.0,2.1,0,73.0,6.5,0,4,3.0,0,2,0,64.2
19,1.0,2.0,0.8,2.6,0,95.8,6.0,2,0,1.0,0,4,0,45.2
23,0.0,4.0,1.8,3.4,0,87.1,8.1,2,1,3.0,0,9,1,82.9
17,0.0,4.6,3.7,0.6,0,87.0,5.9,2,3,1.0,1,4,1,73.2
17,0.0,5.3,5.0,1.8,0,84.9,4.8,0,2,1.0,1,8,0,79.6
19,1.0,3.3,0.6,1.2,1,79.8,5.9,2,2,1.0,2,10,0,73.0
19,1.0,3.2,0.2,0.1,1,87.2,7.2,2,4,,1,3,0,72.6
24,1.0,2.2,4.7,2.2,0,89.8,8.2,2,0,1.0,0,3,0,45.2
24,0.0,2.3,3.0,4.6,0,67.5,6.6,1,3,3.0,1,9,0,51.8
19,1.0,3.2,1.5,0.0,0,79.6,8.1,2,5,3.0,2,10,0,92.0
20,0.0,4.1,3.1,1.8,0,82.5,4.9,1,4,1.0,2,8,0,77.8
24,0.0,4.9,0.0,2.5,1,87.6,6.0,1,5,4.0,1,1,0,97.2
22,1.0,2.3,2.5,1.9,1,96.9,6.2,1,4,3.0,2,10,1,71.9
24,0.0,5.7,2.9,1.7,0,77.3,6.4,2,0,4.0,2,2,1,69.1
17,0.0,3.1,3.6,0.4,0,80.0,6.6,0,3,3.0,2,3,1,59.6
24,0.0,3.5,1.3,2.1,0,79.9,7.3,1,0,3.0,2,2,0,60.4
20,0.0,2.4,2.6,1.0,0,77.0,6.0,2,2,,2,3,1,48.3
19,0.0,0.0,1.4,0.0,0,81.5,6.7,2,5,1.0,2,8,1,50.1
17,1.0,4.8,2.8,3.1,0,92.7,6.4,1,1,,2,6,0,74.9
24,0.0,4.6,1.4,2.9,1,74.5,5.4,2,6,3.0,1,7,1,85.6
20,1.0,3.1,2.0,1.9,0,89.3,6.4,2,2,1.0,2,10,1,65.4
22,1.0,3.6,1.3,2.1,0,68.0,6.3,0,2,3.0,2,10,1,82.4
24,0.0,4.3,3.3,3.0,0,79.4,6.3,1,5,1.0,0,6,1,67.3
20,0.0,1.2,3.5,2.0,0,81.7,6.5,0,4,3.0,2,1,0,34.3
22,0.0,2.7,2.2,2.8,0,100.0,6.6,1,2,1.0,1,3,0,53.0
19,1.0,4.7,2.5,1.5,0,82.3,6.0,1,6,1.0,1,1,0,78.0
24,0.0,1.6,0.8,3.2,1,63.0,8.0,2,3,1.0,2,10,0,58.2
22,1.0,3.9,2.1,2.2,0,65.0,5.1,2,2,1.0,1,9,0,73.7
17,0.0,1.5,2.4,2.0,1,85.3,5.6,0,3,1.0,1,9,0,60.3
19,1.0,4.2,5.6,0.4,0,91.1,9.8,0,0,3.0,0,5,1,78.7
17,0.0,3.4,1.2,2.1,1,88.8,5.3,1,4,,1,4,1,68.3
21,0.0,1.1,4.3,0.9,0,86.7,4.9,1,3,1.0,1,9,0,49.9
18,1.0,5.2,3.7,1.1,0,96.6,7.4,1,2,3.0,1,9,1,100.0
24,1.0,2.4,2.8,0.9,0,79.6,4.0,2,4,,1,3,1,54.7
22,0.0,2.3,4.6,0.6,0,93.9,6.2,2,6,4.0,2,5,0,58.7
18,1.0,3.8,2.9,4.1,1,68.7,9.1,1,4,4.0,2,3,0,70.8
18,1.0,5.2,3.0,3.3,0,76.0,4.6,2,3,,0,10,1,87.1
22,1.0,2.0,2.4,3.9,0,66.9,4.1,1,3,1.0,2,2,1,29.5
19,1.0,3.6,4.0,0.5,0,82.3,4.7,2,1,1.0,0,1,0,53.2
24,0.0,4.1,3.8,1.9,1,84.5,7.6,1,1,3.0,0,10,0,73.0
21,0.0,4.5,1.7,0.4,0,86.1,7.8,0,4,3.0,0,2,1,71.1
17,0.0,3.8,0.9,1.0,0,85.6,5.9,2,5,3.0,2,8,0,80.9
20,1.0,2.9,2.3,0.8,1,75.7,7.3,1,5,3.0,2,8,0,75.1
17,1.0,2.3,1.5,3.2,0,83.1,8.2,2,1,1.0,1,3,0,52.4
20,0.0,3.6,2.4,1.4,0,70.0,8.6,1,2,3.0,1,7,0,67.6
17,0.0,1.9,4.0,3.0,0,98.6,6.2,0,0,3.0,1,7,1,35.7
22,1.0,0.0,2.0,2.5,0,82.0,3.7,0,4,3.0,1,2,0,29.9
21,,4.2,2.4,4.3,0,80.1,5.5,1,0,4.0,2,9,0,70.7
24,1.0,4.9,2.6,0.2,0,100.0,6.0,2,1,3.0,1,3,1,89.3
20,0.0,0.0,3.5,3.2,0,72.6,6.2,1,3,1.0,2,2,0,26.2
24,0.0,2.0,0.0,3.1,0,73.7,6.3,2,6,1.0,1,3,1,58.3
24,0.0,4.4,1.8,0.7,0,74.0,7.8,2,4,1.0,2,2,1,78.4
24,1.0,6.6,2.8,2.9,0,84.3,8.0,2,1,,2,8,0,100.0
23,0.0,3.5,3.9,2.2,0,89.3,6.3,1,2,4.0,1,5,1,66.8
19,1.0,2.4,1.9,1.5,0,92.4,7.8,2,6,1.0,2,3,0,63.8
17,0.0,3.2,0.2,0.9,0,100.0,6.9,1,4,3.0,2,5,0,76.1
24,1.0,5.6,3.2,1.0,0,62.5,6.6,1,4,3.0,1,8,0,82.7
17,1.0,2.5,1.7,4.1,0,91.1,7.6,0,5,,1,7,0,65.0
24,1.0,2.3,1.1,1.8,1,79.4,6.6,1,3,4.0,2,6,0,66.8
20,0.0,2.8,1.8,2.7,0,79.1,9.0,0,4,4.0,1,1,1,64.9
19,0.0,2.1,2.3,0.9,0,78.8,4.8,2,3,3.0,0,10,0,63.1
19,0.0,3.7,1.8,0.9,1,75.9,5.9,1,1,1.0,1,1,0,56.3
22,1.0,5.9,0.0,3.0,0,100.0,6.3,1,2,1.0,2,1,1,93.6
23,1.0,4.0,3.6,0.3,0,93.4,7.0,2,6,1.0,2,10,1,91.9
22,1.0,3.1,4.0,1.3,0,85.2,8.0,1,6,1.0,2,8,1,74.0
22,1.0,3.1,3.3,1.8,0,98.5,6.5,1,2,3.0,1,8,0,62.7
22,1.0,1.2,1.1,1.9,0,69.9,4.8,0,4,4.0,0,7,0,58.6
22,0.0,4.8,2.3,1.6,1,71.7,7.5,2,4,3.0,2,6,0,89.3
22,1.0,3.4,2.5,2.2,0,63.2,7.4,0,1,4.0,2,4,0,63.4
21,0.0,3.2,3.2,2.6,1,78.0,4.2,1,5,3.0,0,1,0,46.7
19,0.0,8.3,3.3,2.6,1,86.6,6.5,1,5,1.0,1,9,0,100.0
22,1.0,3.9,1.6,0.7,1,86.0,4.6,2,5,4.0,0,1,0,68.7
24,0.0,2.4,2.6,1.5,0,86.5,5.7,2,3,1.0,2,4,0,58.9
19,0.0,2.9,3.0,3.1,0,70.9,5.4,2,5,4.0,2,3,0,59.0
19,1.0,5.2,4.2,2.8,1,93.0,7.5,0,2,1.0,2,7,0,77.9
18,0.0,3.7,3.3,0.3,1,87.4,6.6,1,6,1.0,2,5,0,72.3
21,1.0,1.3,3.4,2.2,0,92.3,5.0,1,6,4.0,0,5,0,49.7
22,0.0,4.9,2.6,0.0,1,66.1,7.6,0,3,3.0,2,4,0,80.9
17,0.0,2.5,4.2,1.9,1,88.1,4.8,1,1,4.0,2,1,0,44.5
20,0.0,6.3,3.0,3.9,1,73.1,6.9,1,2,4.0,1,5,0,85.3
23,0.0,5.1,1.5,0.8,0,81.0,5.5,1,6,,2,4,0,83.2
24,1.0,2.8,4.2,0.9,0,90.3,6.1,2,2,3.0,1,10,0,59.7
17,0.0,5.4,3.3,2.6,0,85.9,7.1,1,6,1.0,2,8,0,98.1
21,1.0,3.6,2.0,0.1,0,76.5,7.1,2,0,3.0,2,2,1,66.8
20,0.0,4.8,1.9,1.1,0,85.1,8.1,1,1,3.0,2,8,1,96.1
21,1.0,4.2,2.9,2.5,0,69.7,6.4,1,1,1.0,2,1,0,60.4
24,1.0,2.2,3.1,1.1,0,96.5,6.9,1,0,3.0,0,4,0,33.8
19,1.0,2.5,2.7,1.5,0,82.9,6.0,0,3,3.0,1,3,0,56.1
20,0.0,5.0,2.9,2.6,0,96.2,6.7,0,6,1.0,1,5,0,80.6
19,0.0,3.0,4.5,2.3,1,79.7,7.0,1,6,3.0,2,5,0,52.6
24,0.0,2.9,3.8,2.1,0,79.8,6.4,2,6,3.0,2,5,1,52.1
17,1.0,2.1,2.7,1.4,0,77.4,4.3,2,5,4.0,2,4,1,39.9
24,0.0,4.1,3.6,2.2,0,93.8,6.9,0,5,1.0,0,8,0,84.0
17,1.0,6.6,1.3,1.7,0,77.9,6.9,2,5,1.0,2,3,1,97.7
20,1.0,1.9,3.0,2.3,0,91.4,5.7,2,5,3.0,2,4,0,43.3
20,0.0,3.5,4.7,1.3,1,81.2,5.0,2,5,,2,1,0,55.9
22,1.0,5.6,2.2,1.6,0,65.2,8.3,2,0,4.0,0,7,0,84.6
21,0.0,3.4,1.5,0.7,0,79.3,7.1,1,1,,0,1,0,67.0
22,0.0,4.2,1.7,1.8,0,73.2,6.2,1,3,3.0,0,2,0,76.0
21,1.0,1.9,1.2,0.9,0,85.3,5.1,1,2,3.0,2,7,1,56.9
22,1.0,4.1,1.6,0.6,0,73.1,5.5,1,5,1.0,2,1,0,77.5
19,1.0,3.2,2.1,2.1,0,94.3,8.1,1,0,,2,3,0,69.4
20,0.0,5.0,0.8,2.0,0,84.1,6.7,1,6,3.0,1,6,1,94.6
17,0.0,5.3,2.5,2.7,1,83.2,5.8,2,3,3.0,1,6,1,93.4
21,1.0,7.4,3.6,1.3,0,91.6,7.1,2,3,1.0,2,6,1,100.0
24,1.0,4.4,1.4,2.2,0,94.6,5.5,2,3,4.0,2,2,1,63.6
21,1.0,4.0,4.3,2.4,0,84.8,8.3,2,0,1.0,2,2,0,53.0
17,0.0,3.8,3.1,2.3,0,77.3,8.1,2,2,1.0,2,6,0,67.8
22,1.0,3.0,3.7,0.9,0,67.3,5.9,0,5,3.0,1,10,0,73.9
21,0.0,4.0,1.7,2.0,0,78.1,5.7,1,3,1.0,2,5,0,66.5
23,0.0,3.1,3.5,2.2,0,78.8,3.4,1,0,4.0,2,7,0,49.9
19,1.0,3.8,1.2,1.8,0,86.1,4.7,2,6,1.0,1,7,0,73.9
20,0.0,5.5,3.6,0.0,0,81.5,4.9,1,1,,1,5,0,80.3
17,1.0,2.0,2.7,2.0,0,91.9,6.7,2,6,1.0,1,8,0,71.7
20,0.0,5.2,3.2,4.2,1,78.9,6.1,0,0,3.0,0,10,0,83.3
23,0.0,5.5,1.1,1.4,0,84.4,4.9,1,0,3.0,2,6,0,84.5
21,1.0,3.3,1.4,1.0,0,96.8,6.2,2,0,3.0,0,5,0,74.9
21,1.0,0.3,3.2,2.2,0,88.4,7.1,0,3,,1,4,1,34.0
24,1.0,2.6,1.4,2.1,1,84.4,7.1,1,0,1.0,1,7,0,63.0
23,1.0,5.4,3.1,3.1,0,79.0,4.2,1,1,3.0,2,4,0,77.9
17,1.0,3.5,0.9,0.4,0,78.7,6.3,1,3,,1,5,1,72.9
24,1.0,2.0,3.5,2.6,0,76.5,4.8,2,6,4.0,2,5,0,53.2
19,1.0,2.7,1.0,2.4,0,79.6,7.6,1,1,,0,1,0,57.3
24,0.0,4.8,3.2,1.6,0,92.6,7.4,1,4,3.0,0,1,1,76.6
18,1.0,4.3,3.3,2.2,0,82.8,5.4,0,6,1.0,1,3,0,64.6
17,0.0,3.1,1.7,2.9,1,71.5,5.6,2,0,3.0,1,3,1,51.1
18,,2.9,3.2,2.8,0,100.0,5.9,1,5,1.0,1,2,0,63.0
23,1.0,2.9,2.8,0.5,0,88.2,3.8,2,5,,0,2,1,61.6
22,0.0,2.1,1.9,2.7,1,70.9,6.9,2,3,1.0,2,6,0,62.5
18,1.0,5.9,1.3,1.7,0,80.6,6.2,1,5,1.0,2,1,1,87.1
19,1.0,3.0,0.1,1.9,0,86.1,7.7,2,6,1.0,0,6,1,82.5
24,0.0,5.3,2.9,1.9,0,100.0,5.2,2,3,3.0,0,5,1,80.9
22,1.0,5.8,0.6,1.6,0,73.9,5.8,1,6,3.0,2,6,0,100.0
24,1.0,5.0,2.6,3.1,0,94.8,4.7,0,0,3.0,2,5,0,79.6
18,0.0,2.9,2.2,1.7,1,99.0,5.3,2,2,3.0,1,7,0,71.2
24,1.0,4.1,3.3,0.6,1,78.7,5.1,2,2,3.0,2,1,0,62.7
23,0.0,3.5,2.1,1.4,0,82.2,7.7,1,1,1.0,2,3,0,64.2
22,1.0,2.1,2.1,2.0,0,74.6,5.7,1,0,1.0,2,6,1,44.1
23,,4.0,3.4,3.2,0,83.0,6.6,2,5,1.0,1,1,0,61.7
18,1.0,1.7,2.9,2.5,0,84.6,6.0,2,0,3.0,1,7,1,39.9
23,0.0,5.3,2.9,0.9,0,91.6,5.0,2,4,1.0,0,4,0,84.1
19,1.0,2.8,3.1,4.5,0,95.9,6.3,1,2,,2,3,0,40.7
18,1.0,3.8,0.7,2.1,0,77.5,7.2,2,5,3.0,2,10,0,81.8
18,0.0,3.9,3.4,3.2,0,65.3,5.1,1,6,1.0,1,9,1,77.0
18,1.0,3.1,3.2,1.6,0,84.8,7.5,1,6,4.0,2,1,0,65.7
17,0.0,4.4,1.3,2.4,0,87.9,5.5,2,2,4.0,2,8,1,80.9
24,1.0,2.8,2.2,2.7,0,87.5,5.9,2,0,,2,1,1,47.4
17,0.0,4.8,2.5,3.1,1,81.7,7.1,1,5,1.0,2,5,1,83.0
17,0.0,1.5,2.3,3.0,0,86.2,5.7,1,1,1.0,2,10,0,54.2
19,0.0,3.7,2.9,2.8,0,100.0,6.5,2,6,3.0,1,8,0,82.5
22,1.0,6.4,4.2,1.5,1,88.8,6.1,1,0,1.0,2,6,0,85.0
24,0.0,2.0,3.8,1.2,0,81.3,6.7,2,1,3.0,2,7,1,40.4
23,1.0,2.5,0.9,2.2,1,80.0,3.6,2,5,3.0,1,8,0,58.9
21,0.0,4.3,3.2,2.8,0,83.3,4.3,0,2,1.0,0,6,0,67.5
18,0.0,3.8,4.1,1.6,0,100.0,7.2,2,4,,2,6,1,81.0
23,1.0,4.0,3.0,3.0,0,83.2,7.7,2,3,3.0,1,6,1,74.7
18,1.0,4.2,3.8,3.4,1,84.8,5.4,2,2,1.0,2,5,0,67.4
19,0.0,4.5,4.9,0.8,0,80.2,6.2,2,1,3.0,0,8,0,72.2
18,1.0,5.2,3.7,0.9,0,96.0,6.9,2,0,1.0,0,2,0,77.1
17,1.0,4.1,2.8,1.6,0,100.0,7.3,0,6,3.0,1,7,0,87.9
24,1.0,3.1,3.8,2.1,0,89.5,4.1,1,5,4.0,1,4,1,54.1
21,0.0,4.5,2.7,1.2,1,85.8,5.4,2,2,4.0,2,1,1,62.9
20,0.0,6.3,2.5,3.3,0,85.4,6.1,1,6,1.0,2,5,0,95.6
18,1.0,3.3,2.1,2.3,0,61.2,7.3,0,6,1.0,0,3,0,67.1
23,0.0,2.0,4.4,1.8,0,92.5,9.5,2,4,3.0,1,4,0,51.5
17,1.0,5.2,1.5,0.2,1,86.3,6.2,2,5,1.0,1,7,0,97.9
20,1.0,3.3,4.3,0.4,1,89.3,4.8,0,1,1.0,1,5,0,67.0
21,1.0,0.2,3.1,2.1,1,77.9,7.0,2,5,4.0,2,4,1,31.5
20,1.0,4.8,0.8,0.0,0,81.2,8.1,2,5,1.0,1,1,0,88.0
17,,2.7,2.9,2.9,0,80.9,6.6,1,0,,0,6,0,53.4
24,0.0,3.4,0.0,1.6,0,95.2,5.4,2,3,,1,10,1,83.4
24,1.0,4.0,3.3,5.4,0,81.2,7.6,1,6,3.0,0,6,0,79.0
22,0.0,3.8,3.6,4.3,0,100.0,7.3,0,1,3.0,0,7,1,69.9
24,0.0,4.6,1.8,1.6,0,89.3,5.3,1,0,1.0,1,1,1,60.1
22,1.0,2.8,2.6,1.7,0,72.2,7.0,1,6,1.0,2,4,0,70.3
20,1.0,4.3,4.8,2.9,1,83.7,7.7,1,3,1.0,2,9,0,79.8
19,,3.1,1.9,3.7,0,78.5,7.9,2,0,3.0,2,10,1,66.6
23,1.0,4.6,1.2,0.0,0,63.1,6.4,2,3,,1,6,0,91.7
23,0.0,4.4,4.3,0.0,1,100.0,6.1,1,3,4.0,1,2,0,70.1
20,0.0,2.1,4.9,1.1,0,92.0,8.0,2,3,1.0,1,4,0,61.5
18,1.0,5.1,2.5,2.4,0,90.3,5.0,0,0,4.0,2,6,0,79.3
18,0.0,2.7,3.7,2.3,0,86.7,7.0,0,5,1.0,2,4,1,63.9
24,0.0,4.7,4.1,3.0,0,71.2,4.9,2,3,3.0,0,10,1,93.1
23,0.0,4.1,1.6,0.5,0,80.2,7.8,0,5,1.0,0,7,1,89.8
23,0.0,6.3,1.9,0.0,0,93.4,6.2,1,6,,2,3,1,100.0
22,0.0,3.2,4.0,2.7,0,74.5,8.0,2,6,4.0,2,6,1,61.8
19,0.0,3.0,4.5,0.9,0,59.7,7.1,1,1,4.0,2,4,1,51.5
17,0.0,3.5,3.2,0.0,0,82.7,5.0,2,4,1.0,2,3,0,60.4
18,0.0,3.0,1.4,2.0,0,83.6,8.2,1,5,3.0,2,3,0,67.2
23,,4.7,4.9,2.7,0,86.4,8.4,0,6,3.0,1,2,0,89.6
22,0.0,1.1,1.9,1.7,0,92.3,7.6,1,4,4.0,2,3,1,48.3
21,0.0,1.9,2.1,1.3,0,91.4,5.6,1,3,1.0,2,10,0,61.7
22,1.0,1.9,2.9,1.6,1,87.6,6.1,1,4,3.0,2,1,1,44.4
18,0.0,4.9,4.4,1.4,1,97.0,6.7,1,4,1.0,1,3,0,77.2
18,1.0,6.1,3.5,0.3,1,69.8,5.7,2,3,1.0,1,9,1,100.0
22,1.0,3.3,3.0,1.0,0,90.0,8.5,2,5,4.0,1,4,0,73.0
17,0.0,3.2,3.1,2.4,0,91.3,6.7,1,3,1.0,1,3,0,68.5
20,0.0,3.6,2.6,2.2,0,72.6,3.3,1,1,1.0,2,8,0,61.0
18,1.0,5.2,3.2,2.0,0,70.0,6.9,1,2,3.0,0,1,1,70.5
22,1.0,2.1,0.0,0.7,0,77.5,6.1,2,0,3.0,1,5,0,52.5
23,0.0,3.9,2.1,1.6,0,78.4,6.4,2,3,1.0,2,1,0,62.8
22,1.0,5.0,2.8,0.0,1,92.5,6.1,1,3,1.0,0,7,1,83.5
19,0.0,4.3,1.1,2.0,0,78.9,7.5,2,4,4.0,1,5,0,71.4
20,,3.8,3.0,3.4,0,76.4,7.8,1,1,1.0,1,2,0,61.5
21,0.0,5.0,2.3,0.2,0,78.9,6.8,0,6,3.0,2,1,0,75.4
17,1.0,0.0,4.6,1.2,0,96.2,6.1,0,6,3.0,1,7,0,42.0
24,1.0,4.5,4.4,2.2,0,85.1,6.5,1,4,1.0,2,1,0,64.0
21,1.0,2.5,1.9,3.2,1,83.2,6.5,1,5,4.0,1,3,0,60.1
20,1.0,0.8,2.3,1.3,1,83.9,5.5,0,3,3.0,2,6,0,34.7
20,0.0,4.3,2.4,1.0,1,97.9,7.2,2,3,1.0,1,6,0,88.0
20,0.0,5.6,2.0,0.0,0,77.5,7.1,1,4,3.0,1,7,0,100.0
21,0.0,3.3,2.7,1.9,0,98.2,8.3,1,3,3.0,0,1,0,66.1
23,0.0,4.9,1.6,4.0,0,87.1,8.0,1,5,3.0,0,7,0,95.5
20,1.0,5.9,1.1,2.1,1,83.4,5.7,0,2,4.0,1,2,1,86.4
22,0.0,5.5,3.2,1.8,0,100.0,7.5,1,0,1.0,0,6,0,77.3
21,0.0,6.0,3.3,2.2,0,74.4,5.4,1,0,1.0,1,8,1,90.2
24,,4.6,1.5,1.8,0,81.5,7.3,1,0,1.0,2,5,1,80.2
20,1.0,3.6,3.6,0.9,0,72.7,5.9,0,2,,1,10,1,72.9
22,1.0,1.1,1.7,2.7,0,94.5,5.3,1,3,,1,3,0,35.8
23,,3.1,2.8,2.0,0,100.0,6.8,0,4,4.0,2,8,1,72.8
19,0.0,2.2,3.5,1.8,0,100.0,3.3,2,6,3.0,2,8,0,67.6
23,0.0,6.8,2.5,0.7,0,97.2,4.4,2,1,3.0,0,4,0,93.1
24,1.0,3.2,3.0,3.2,0,83.0,6.3,0,3,3.0,1,8,1,57.5
20,1.0,3.7,1.9,2.5,0,81.3,6.6,1,2,3.0,2,5,1,61.1
24,0.0,4.3,2.3,1.2,0,68.3,6.1,0,5,1.0,0,5,0,77.4
21,1.0,3.6,2.3,2.9,0,100.0,4.6,1,2,4.0,2,3,0,69.6
18,0.0,6.0,1.6,1.3,0,89.7,5.5,1,6,1.0,0,7,0,100.0
20,0.0,2.6,2.3,0.9,0,80.1,7.0,1,0,4.0,2,9,0,69.3
18,1.0,3.8,0.6,1.0,0,98.3,7.2,1,3,3.0,1,9,0,85.7
22,1.0,2.4,1.9,0.0,0,75.3,6.5,2,6,1.0,2,1,0,53.9
19,1.0,1.5,2.2,2.3,0,89.1,7.9,1,0,3.0,1,1,0,43.7
17,0.0,2.6,2.2,0.0,0,83.3,7.0,1,1,3.0,2,10,0,79.3
24,1.0,3.4,2.2,0.4,0,91.4,5.6,1,5,1.0,0,5,0,71.3
23,0.0,2.9,2.4,0.0,0,84.4,6.2,2,0,3.0,1,1,1,61.4
19,0.0,2.5,3.1,1.7,0,70.5,4.8,2,1,1.0,2,4,0,45.1
20,1.0,1.4,3.5,1.6,0,85.8,6.4,1,2,,1,1,0,39.8
18,1.0,3.4,1.7,1.4,0,95.5,7.8,2,0,4.0,2,2,0,70.7
23,1.0,1.2,1.1,0.7,0,84.7,7.3,1,0,3.0,1,2,1,35.6
18,1.0,4.6,1.2,0.5,0,92.8,8.2,2,4,4.0,2,4,0,93.0
21,1.0,3.6,1.9,2.3,0,74.5,6.1,2,5,3.0,1,8,1,83.2
18,1.0,1.3,2.1,1.2,0,84.7,8.1,0,5,1.0,2,2,1,46.6
21,0.0,3.0,1.6,2.1,0,78.8,6.3,2,6,3.0,2,9,1,70.8
22,0.0,2.4,0.9,0.8,0,92.5,8.3,1,2,3.0,1,9,0,78.3
23,0.0,4.0,2.0,2.0,0,85.3,6.5,1,4,4.0,2,2,1,70.7
23,0.0,5.5,2.7,3.2,1,91.9,7.3,1,6,1.0,2,1,0,82.6
17,1.0,0.7,3.2,2.4,0,95.9,8.3,2,1,4.0,1,10,1,50.3
20,1.0,3.7,1.8,1.3,0,91.9,6.3,1,6,4.0,2,10,0,80.9
21,0.0,3.3,2.0,2.1,0,87.7,6.8,0,1,3.0,0,9,1,75.4
17,0.0,4.5,1.4,1.5,0,75.0,8.0,2,2,4.0,2,2,1,83.7
18,1.0,3.8,2.5,1.8,0,85.0,6.3,0,5,1.0,1,8,0,76.8
18,0.0,2.4,1.5,1.4,0,79.7,4.9,0,1,4.0,0,3,0,45.8
17,1.0,3.0,3.2,1.6,0,81.6,9.1,1,2,3.0,1,1,1,58.4
23,1.0,2.3,0.4,2.0,0,81.3,5.9,1,6,,2,1,1,70.3
18,1.0,5.1,2.1,0.7,1,75.2,6.7,1,1,4.0,2,10,1,99.4
24,1.0,3.5,2.9,0.7,0,65.4,7.9,0,3,1.0,2,2,0,62.9
22,1.0,6.4,2.7,0.3,1,78.3,5.8,2,0,1.0,1,7,0,98.0
22,0.0,3.4,5.7,0.0,0,86.9,5.3,2,6,3.0,0,6,0,74.7
24,1.0,2.4,2.9,0.5,0,71.5,6.8,1,5,1.0,2,2,1,50.4
17,1.0,1.2,1.3,2.0,0,85.2,4.3,1,6,1.0,2,4,0,49.4
24,0.0,0.8,2.4,0.8,0,100.0,6.2,1,3,3.0,1,2,1,35.3
21,1.0,1.1,0.4,2.4,1,95.2,6.8,2,2,,1,1,1,46.3
21,1.0,3.9,2.4,1.8,0,100.0,6.2,0,2,1.0,1,3,0,68.4
17,1.0,4.3,1.5,0.0,0,88.9,4.6,0,6,,1,4,0,84.2
24,1.0,1.1,3.6,2.5,0,96.7,8.4,2,3,1.0,2,10,1,54.6
21,1.0,4.8,1.8,2.7,0,77.8,6.6,1,6,3.0,1,5,0,88.0
23,1.0,2.8,2.4,0.7,0,78.6,8.2,1,0,3.0,2,5,0,61.5
24,1.0,3.7,1.7,2.3,1,57.6,6.2,2,0,4.0,1,7,0,75.7
23,1.0,5.9,4.6,0.9,0,96.9,5.4,2,4,3.0,1,10,0,100.0
21,1.0,4.8,2.1,1.9,0,100.0,6.8,1,1,1.0,2,8,0,82.6
22,1.0,3.1,4.7,0.4,0,79.5,6.2,2,4,4.0,2,9,0,71.5
21,1.0,2.2,3.5,0.0,0,82.5,5.1,0,0,3.0,1,7,0,57.6
23,0.0,0.3,3.1,1.4,1,77.5,8.3,2,3,3.0,2,5,0,36.1
19,1.0,2.4,2.9,1.7,0,88.8,5.8,1,1,3.0,1,9,1,67.4
20,1.0,3.2,3.0,1.4,1,96.2,4.3,2,3,4.0,2,8,0,74.8
18,0.0,2.0,0.2,0.5,0,67.6,8.1,2,4,3.0,1,10,1,73.6
24,1.0,3.3,2.2,1.4,0,89.1,5.9,2,2,1.0,2,9,1,79.5
19,0.0,3.6,3.5,2.1,0,82.2,5.8,2,3,3.0,0,10,0,62.5
21,0.0,3.2,2.4,1.8,0,86.1,4.4,1,4,,1,8,1,76.3
22,1.0,2.5,0.8,2.0,0,89.6,8.6,1,4,1.0,2,6,0,75.6
17,0.0,3.8,2.4,1.1,0,83.1,5.0,1,4,1.0,2,4,0,64.4
21,1.0,4.2,4.5,3.1,0,84.0,6.6,2,2,1.0,1,9,0,75.3
22,1.0,1.9,4.0,0.5,1,82.9,7.6,2,2,,1,9,1,50.4
20,1.0,5.6,2.4,2.3,0,94.7,7.0,1,6,1.0,1,10,1,100.0
21,0.0,3.4,3.6,3.1,0,89.2,6.4,2,2,3.0,2,10,0,76.4
23,0.0,3.5,2.1,2.3,0,87.2,4.5,2,1,3.0,2,9,0,69.9
17,1.0,4.6,0.5,1.6,0,72.3,5.5,2,2,4.0,2,10,1,88.9
22,,3.8,1.4,1.2,0,81.2,6.7,2,2,1.0,1,3,1,70.4
22,1.0,4.9,4.4,2.9,0,94.0,5.6,1,2,3.0,2,3,0,69.4
22,0.0,3.9,2.2,0.2,0,85.4,6.7,0,3,4.0,1,6,1,84.9
20,1.0,2.6,2.2,0.7,0,91.6,7.3,0,2,1.0,0,6,0,63.6
21,1.0,4.0,2.1,1.4,0,100.0,7.7,1,1,3.0,2,6,0,82.2
20,1.0,1.8,4.8,3.2,0,95.4,5.0,2,4,3.0,2,5,0,37.4
24,0.0,3.7,4.5,2.2,0,85.9,9.1,2,3,,2,5,0,73.8
18,1.0,3.5,5.2,0.7,1,79.9,7.4,2,0,4.0,2,2,1,53.4
18,1.0,3.2,2.3,1.5,0,59.5,6.5,2,2,3.0,2,7,0,64.2
24,,3.3,2.9,1.1,0,83.3,7.8,0,6,,2,4,0,70.4
21,0.0,0.7,0.7,1.0,0,81.7,9.3,0,6,,1,3,0,51.5
23,1.0,2.7,4.3,2.9,0,88.9,4.8,0,4,,1,8,0,53.4
20,1.0,3.6,1.1,0.3,1,83.5,6.2,1,4,1.0,2,4,0,77.2
17,0.0,3.7,2.8,3.6,0,81.8,3.6,1,3,3.0,2,4,1,59.8
22,1.0,2.0,1.2,2.7,0,67.2,6.7,0,6,3.0,1,8,0,55.4
22,1.0,5.4,1.8,3.0,1,75.6,6.9,1,0,1.0,1,1,0,69.9
21,0.0,2.2,1.5,1.3,1,89.8,6.5,0,5,4.0,1,9,0,71.6
23,0.0,5.0,1.8,1.6,0,100.0,5.7,2,6,1.0,0,7,0,92.9
18,1.0,4.1,1.9,0.2,0,84.0,4.0,1,6,,2,2,0,72.4
18,0.0,2.5,1.8,1.2,1,88.3,6.9,1,1,1.0,1,6,0,70.5
22,1.0,6.2,3.5,2.3,0,94.5,8.2,1,5,3.0,2,8,0,100.0
21,0.0,1.7,1.2,3.2,0,76.9,5.8,2,4,1.0,1,5,1,37.4
20,1.0,4.9,2.8,0.6,0,88.7,7.0,1,5,1.0,1,6,0,88.7
18,0.0,5.0,4.0,1.4,0,77.6,4.6,1,6,1.0,0,10,0,88.6
20,1.0,2.5,1.9,1.6,0,93.6,7.0,2,4,3.0,2,8,0,68.5
23,,5.6,1.6,0.3,0,86.5,6.0,1,5,4.0,2,6,0,100.0
18,,3.1,2.2,2.5,0,88.0,5.6,2,4,1.0,2,9,0,66.9
18,1.0,3.9,3.9,1.0,0,77.2,5.6,1,4,1.0,0,9,0,71.5
19,0.0,3.9,2.7,1.6,0,92.1,6.0,1,3,3.0,1,9,0,77.8
18,1.0,3.3,1.9,1.3,0,100.0,7.0,0,0,3.0,0,6,1,67.7
24,0.0,4.7,3.1,0.9,0,74.9,4.9,2,4,1.0,1,9,1,96.4
17,0.0,4.7,1.2,1.8,0,81.6,6.0,1,1,4.0,2,3,0,83.1
24,0.0,0.9,3.3,1.6,1,87.3,6.5,0,6,3.0,2,5,0,37.9
21,1.0,5.5,3.0,1.4,0,92.9,5.2,1,6,1.0,2,2,1,76.3
21,1.0,1.0,2.1,1.0,0,79.4,8.7,1,1,3.0,1,8,1,52.6
20,1.0,5.0,1.5,2.2,0,56.7,5.5,0,2,4.0,1,4,0,83.6
24,0.0,5.2,1.4,3.6,0,98.6,5.7,2,4,3.0,1,6,0,92.0
24,0.0,1.9,3.1,2.0,0,92.6,5.3,2,4,,0,6,0,53.2
24,,2.9,4.0,2.9,0,67.6,8.7,0,4,1.0,2,5,1,56.4
23,0.0,1.8,1.7,0.3,0,78.9,7.2,1,5,1.0,2,1,0,58.1
18,0.0,3.2,3.1,2.0,0,100.0,5.4,2,4,1.0,1,7,0,70.9
17,0.0,3.0,0.0,0.6,1,99.5,7.8,1,4,3.0,1,10,0,98.7
20,1.0,4.7,1.8,0.2,1,94.4,6.7,1,1,3.0,2,8,0,83.3
24,1.0,5.5,2.5,1.0,0,83.2,6.8,1,0,3.0,2,1,1,80.6
24,0.0,5.6,1.4,3.1,0,85.8,6.1,2,0,4.0,2,10,0,91.3
19,0.0,2.7,1.4,2.8,0,83.7,5.6,2,2,1.0,1,7,1,63.5
20,1.0,3.2,1.7,2.1,1,96.3,6.9,2,1,4.0,1,4,1,66.3
24,1.0,1.0,2.9,0.1,0,76.2,5.8,0,4,3.0,2,6,0,49.9
20,0.0,2.3,2.3,1.6,1,76.9,8.7,1,0,1.0,2,9,0,68.9
18,1.0,4.9,0.0,2.1,1,95.1,5.0,2,3,3.0,1,5,0,94.2
19,0.0,5.9,0.0,2.0,1,84.6,8.3,0,3,1.0,2,8,0,100.0
20,0.0,1.6,1.8,0.0,0,98.8,6.4,2,3,3.0,2,5,0,58.6
17,1.0,2.6,3.0,0.8,0,78.3,6.9,2,4,3.0,1,2,0,53.2
17,0.0,3.5,0.0,1.7,0,84.5,7.5,0,4,1.0,1,4,1,70.5
21,1.0,3.9,1.9,2.4,0,75.8,5.7,2,2,3.0,1,2,0,64.0
19,0.0,2.3,1.9,0.0,1,85.1,7.5,1,6,3.0,0,7,1,77.4
19,0.0,4.1,4.2,1.6,0,70.2,3.3,2,2,1.0,2,7,0,57.4
21,,2.8,2.0,2.0,0,80.1,5.6,1,2,,1,3,1,59.9
20,0.0,3.5,3.0,2.7,0,70.6,5.4,1,5,1.0,2,7,0,66.7
19,1.0,4.3,2.7,2.6,1,91.9,5.0,2,3,3.0,2,1,0,58.4
17,0.0,3.5,0.0,2.4,0,92.2,6.2,2,4,4.0,0,1,0,63.6
17,0.0,2.8,3.4,0.9,0,67.7,7.0,0,3,4.0,1,9,0,62.6
24,0.0,3.3,2.8,0.0,0,98.3,7.3,1,2,3.0,2,6,0,70.6
18,1.0,3.4,3.1,1.4,0,100.0,6.8,0,4,3.0,2,5,0,75.2
19,0.0,2.9,7.2,2.9,1,85.5,5.7,1,1,1.0,2,6,0,50.1
20,1.0,3.1,0.0,3.3,0,78.6,6.9,1,0,3.0,1,6,0,72.8
21,0.0,5.9,4.6,2.6,1,100.0,6.6,1,0,1.0,1,1,1,72.7
21,,4.3,2.2,2.3,0,71.8,7.6,1,2,1.0,2,5,1,76.0
20,0.0,3.1,2.8,2.2,0,85.2,7.4,0,6,3.0,2,9,1,74.1
23,1.0,4.5,2.4,1.2,1,86.8,6.5,0,3,,1,4,1,79.0
22,1.0,3.0,2.0,1.7,0,98.5,5.4,0,1,3.0,2,3,0,51.3
18,1.0,5.3,1.8,3.6,0,88.6,5.7,1,4,3.0,1,1,1,71.0
21,1.0,4.1,2.9,0.8,1,80.0,5.8,2,6,1.0,2,2,1,76.4
19,1.0,3.3,0.7,3.6,0,75.5,6.1,0,3,1.0,2,3,1,52.6
18,1.0,4.2,3.4,1.4,0,81.6,6.8,2,2,4.0,1,4,0,74.0
19,0.0,1.1,2.0,3.3,0,74.9,7.4,2,3,3.0,2,7,0,42.6
23,0.0,1.8,1.1,0.3,0,85.5,6.4,2,2,1.0,1,6,0,49.8
17,1.0,1.7,2.0,2.4,0,79.4,6.5,2,5,1.0,1,8,0,45.7
18,1.0,3.7,4.0,1.0,0,70.1,6.7,2,0,3.0,0,9,1,77.2
24,1.0,6.1,1.9,0.2,0,97.6,5.9,0,6,3.0,0,6,0,98.5
21,1.0,6.8,2.9,2.0,0,80.0,5.4,1,0,1.0,1,7,0,96.2
18,0.0,4.5,1.6,2.9,1,72.3,4.4,2,3,1.0,2,4,1,71.3
18,0.0,4.3,3.4,0.9,0,83.3,5.7,1,1,4.0,2,2,0,59.2
18,1.0,0.8,3.3,0.2,0,85.7,7.1,2,4,3.0,0,9,0,51.8
22,0.0,2.7,4.7,1.7,1,67.5,5.7,0,2,4.0,2,9,0,59.3
18,0.0,2.3,2.3,1.7,0,88.3,6.2,2,4,3.0,2,4,0,58.5
19,1.0,2.6,3.3,2.4,0,74.5,7.1,1,0,4.0,2,3,1,44.5
17,0.0,3.2,2.6,2.8,0,100.0,7.1,1,1,1.0,2,10,1,75.4
23,1.0,2.8,4.1,1.7,1,90.2,5.2,1,1,3.0,1,6,1,54.9
20,0.0,0.5,1.6,3.8,1,81.0,7.7,2,4,,1,3,1,30.2
18,1.0,4.6,3.4,2.0,0,77.5,7.9,2,0,3.0,2,1,1,71.8
21,0.0,1.9,2.3,1.4,0,84.0,5.1,1,4,1.0,0,4,0,51.8
18,0.0,3.9,2.4,0.0,1,91.1,5.5,2,3,1.0,0,1,1,59.5
21,0.0,6.6,2.6,1.5,0,84.7,7.9,1,1,4.0,0,2,0,96.6
19,0.0,2.1,2.8,1.4,1,82.8,6.3,0,1,4.0,1,3,0,44.1
21,0.0,0.0,2.4,2.9,0,85.6,3.8,0,3,,1,8,0,30.5
24,0.0,3.1,2.8,2.3,0,79.0,4.8,0,0,3.0,1,10,0,63.7
20,1.0,5.2,4.4,0.5,0,81.6,6.2,1,1,1.0,0,4,0,74.0
17,0.0,6.4,3.7,2.0,0,64.1,5.1,1,6,1.0,2,4,0,98.8
21,1.0,1.7,3.5,2.5,0,94.7,6.0,2,5,3.0,2,10,0,53.0
21,1.0,4.2,2.0,3.5,0,88.0,6.5,2,5,1.0,1,9,0,84.6
17,1.0,2.8,1.4,2.8,0,77.3,8.3,0,5,4.0,0,7,0,73.0
20,0.0,3.3,3.6,2.6,0,100.0,6.2,1,2,1.0,0,2,1,57.1
18,1.0,7.5,3.6,1.9,1,85.9,7.8,1,6,3.0,1,3,0,100.0
21,0.0,1.2,4.3,2.2,0,74.6,8.2,1,2,3.0,1,4,0,36.2
17,0.0,3.9,1.8,3.2,0,93.6,8.2,0,0,1.0,1,4,0,65.6
24,,4.2,2.2,0.3,1,89.0,6.8,0,3,1.0,2,10,1,87.5
24,0.0,5.1,0.5,1.4,0,88.9,4.1,2,4,3.0,1,8,0,100.0
19,1.0,3.6,2.0,1.0,1,80.7,7.1,2,6,3.0,1,10,0,85.6
17,1.0,4.0,3.7,2.2,0,89.5,7.8,0,0,1.0,1,10,1,89.4
19,1.0,2.9,1.9,3.2,0,82.4,6.4,1,4,3.0,2,6,0,66.9
24,1.0,3.9,3.3,1.1,1,90.6,8.6,1,0,,2,3,0,56.0
20,0.0,3.0,2.3,0.0,0,66.0,7.5,2,2,1.0,2,9,0,77.9
18,0.0,4.4,2.9,1.3,0,80.7,7.2,1,5,1.0,2,10,0,91.3
17,1.0,2.9,1.1,2.8,0,100.0,7.8,0,3,,1,8,0,68.4
23,0.0,4.1,2.6,2.4,0,77.3,6.9,2,2,3.0,1,9,0,85.3
24,0.0,3.5,0.0,2.3,0,79.0,3.5,1,3,3.0,2,5,1,64.4
24,0.0,5.2,2.3,1.5,0,80.5,5.9,1,6,4.0,0,3,0,82.8
23,0.0,3.4,0.5,0.4,0,72.9,7.9,1,4,3.0,2,4,0,78.0
22,0.0,0.8,3.9,2.4,0,62.9,5.5,1,0,4.0,2,5,0,31.5
24,0.0,5.4,3.4,0.9,0,82.7,6.2,1,1,3.0,2,9,0,92.3
21,1.0,2.1,3.1,4.2,0,86.4,5.2,1,1,3.0,0,9,1,50.1
20,1.0,2.5,4.3,2.4,0,84.5,8.6,1,3,4.0,2,3,0,49.4
17,1.0,2.6,1.4,1.2,0,83.6,8.5,0,5,3.0,1,7,0,80.3
23,0.0,5.6,4.6,1.1,0,85.4,5.4,2,5,,0,6,1,89.7
21,0.0,0.3,3.6,1.7,0,95.2,6.7,0,3,3.0,1,4,1,33.6
23,0.0,8.2,2.2,1.5,0,83.1,5.7,0,2,4.0,2,5,1,100.0
17,1.0,5.1,3.9,3.0,0,79.3,7.2,2,1,3.0,1,10,0,90.6
19,1.0,3.8,1.2,2.0,0,82.2,7.1,2,2,3.0,1,2,1,66.3
17,0.0,3.4,1.5,1.0,0,90.8,7.5,2,4,3.0,0,7,1,86.1
22,1.0,3.9,1.8,3.9,0,99.1,6.9,1,1,4.0,2,4,0,65.5
17,0.0,4.3,1.9,1.9,0,78.7,10.0,1,4,,2,2,0,82.9
17,1.0,4.5,1.2,2.6,0,86.0,5.3,2,0,3.0,2,6,1,76.3
22,1.0,4.3,4.0,1.1,1,88.4,4.4,2,2,1.0,1,2,1,59.0
20,1.0,3.6,2.2,2.2,0,75.1,6.0,1,3,3.0,1,10,1,76.1
24,1.0,3.2,2.9,2.1,0,85.2,4.6,2,1,3.0,2,2,1,40.3
17,1.0,3.3,1.8,0.0,0,70.3,4.7,0,2,1.0,1,7,1,65.2
22,0.0,3.2,0.3,4.0,1,67.3,5.3,2,3,1.0,2,1,0,43.9
21,1.0,5.2,2.8,3.2,0,88.7,5.4,2,0,3.0,2,7,1,89.5
19,0.0,4.4,0.2,1.4,0,81.2,5.4,2,1,1.0,1,10,0,80.7
19,1.0,0.0,2.4,0.6,1,87.0,7.1,2,4,1.0,1,5,0,53.0
17,1.0,4.5,0.9,2.2,0,84.8,5.9,2,0,3.0,2,1,0,70.6
20,1.0,3.8,4.9,1.9,0,75.2,6.3,0,5,1.0,1,6,0,65.5
20,0.0,3.5,3.6,2.2,0,84.5,7.6,1,3,1.0,1,7,0,75.1
21,1.0,2.9,2.6,2.0,0,72.7,5.6,0,1,4.0,2,1,0,43.5
17,1.0,5.2,4.0,2.4,0,98.9,6.2,1,1,1.0,1,9,0,80.6
19,1.0,4.9,1.5,3.4,0,71.4,6.9,2,6,1.0,2,7,1,88.2
20,0.0,2.3,3.2,2.4,0,83.0,4.2,1,6,3.0,0,1,1,48.5
17,0.0,4.1,2.7,0.6,0,74.6,3.6,1,0,3.0,2,3,0,67.3
23,0.0,2.0,2.8,3.3,0,90.7,6.9,1,1,4.0,0,5,0,50.7
20,0.0,1.4,4.0,3.6,0,81.7,7.1,2,3,4.0,0,4,0,35.4
22,1.0,2.6,3.4,5.3,0,79.8,9.0,0,0,3.0,2,2,0,49.1
23,0.0,4.8,2.8,0.6,0,93.5,6.7,1,4,1.0,2,1,0,85.4
24,,4.9,0.5,2.1,0,85.3,7.5,0,0,,1,4,0,83.9
20,0.0,4.3,1.3,0.0,1,90.2,6.3,2,0,1.0,1,7,0,90.4
19,0.0,4.6,2.4,2.4,0,75.2,6.9,0,4,1.0,2,4,0,87.8
18,1.0,4.3,2.6,1.2,0,71.0,8.5,2,5,3.0,1,9,0,87.5
23,1.0,2.5,1.1,3.9,0,86.1,4.0,1,6,3.0,2,8,0,58.2
24,1.0,4.1,5.4,0.9,0,81.8,7.0,0,3,,2,8,1,73.2
21,1.0,4.7,4.3,0.0,0,91.3,9.1,2,5,3.0,2,5,0,83.5
21,1.0,4.6,3.2,1.3,0,84.2,6.8,0,5,1.0,1,1,1,77.6
19,0.0,5.3,2.6,0.0,1,87.1,8.5,1,5,1.0,1,9,1,98.4
20,,4.6,2.2,2.6,0,68.8,5.7,0,6,3.0,2,2,0,78.5
17,,4.0,1.4,0.0,1,100.0,6.5,1,2,1.0,0,6,1,81.1
20,1.0,5.1,2.6,1.8,0,83.4,6.5,1,6,1.0,1,10,0,100.0
19,0.0,3.5,2.8,0.0,0,92.0,3.8,1,5,,0,5,1,58.7
21,1.0,2.2,1.0,1.4,0,76.6,5.1,0,2,1.0,0,10,0,62.6
20,0.0,3.3,2.9,3.6,0,88.1,5.2,1,4,3.0,1,8,1,60.3
21,0.0,2.4,2.3,2.2,0,72.0,7.5,2,6,4.0,1,3,0,63.9
23,0.0,2.5,0.2,0.9,1,89.5,7.5,2,3,1.0,2,6,1,80.0
24,0.0,3.3,1.5,1.8,1,81.4,6.9,1,5,1.0,1,6,0,62.6
17,1.0,2.3,2.0,1.8,0,85.3,7.5,1,1,3.0,1,10,0,71.4
23,1.0,3.0,4.8,2.3,1,92.0,6.3,1,4,4.0,0,3,0,60.6
21,1.0,0.7,3.2,0.3,1,72.7,7.9,1,2,1.0,2,7,1,47.2
21,0.0,3.8,0.9,2.5,0,78.2,6.5,0,6,1.0,1,4,1,78.1
18,0.0,3.5,3.1,0.0,0,89.6,6.6,1,3,3.0,2,5,1,75.5
18,0.0,2.3,0.6,1.1,0,100.0,6.2,1,0,3.0,2,9,0,73.5
23,,4.5,3.8,1.3,0,83.6,7.3,1,3,1.0,0,6,0,74.6
22,0.0,4.9,1.9,2.5,0,90.9,6.0,1,3,3.0,1,10,0,98.7
23,1.0,1.1,2.4,1.8,0,83.9,7.7,2,5,1.0,1,4,1,49.2
18,1.0,2.4,4.1,0.3,0,100.0,5.1,0,5,3.0,2,8,0,67.4
21,0.0,2.3,1.0,0.7,0,67.5,5.2,2,6,3.0,2,9,0,72.5
19,1.0,2.1,0.8,2.0,0,85.9,7.3,2,6,4.0,2,10,1,68.4
23,1.0,4.7,1.8,1.7,0,68.7,6.4,1,2,1.0,1,5,0,70.0
21,1.0,3.2,3.7,1.2,0,59.9,6.0,1,6,1.0,2,2,0,56.1
19,1.0,3.1,0.7,1.3,1,88.0,7.6,1,2,1.0,0,6,1,81.5
19,0.0,0.5,0.0,2.6,1,86.4,5.8,0,5,4.0,0,8,1,45.0
18,0.0,4.5,2.0,1.2,1,82.2,6.3,1,5,1.0,2,5,1,84.4
23,1.0,1.6,3.2,1.7,0,83.9,8.2,2,1,1.0,2,1,0,36.8
20,1.0,3.6,3.9,4.2,0,100.0,8.3,0,1,1.0,0,8,1,65.6
17,0.0,3.9,1.9,0.2,0,82.4,8.4,1,4,3.0,0,9,1,93.5
18,1.0,5.5,2.0,0.0,0,90.1,6.2,2,5,1.0,0,1,0,93.7
18,1.0,1.5,3.9,2.7,0,78.5,8.0,2,0,1.0,0,8,1,42.3
20,1.0,0.0,0.3,1.1,1,88.0,5.4,1,1,1.0,1,10,1,53.3
17,0.0,3.8,2.0,1.4,0,82.6,5.4,2,2,4.0,2,2,0,65.9
21,1.0,6.2,2.7,0.9,0,80.9,3.7,1,3,3.0,2,4,1,87.9
22,1.0,5.4,3.0,1.5,0,100.0,8.5,0,6,3.0,2,2,0,94.5
23,0.0,3.8,1.9,3.6,0,96.8,5.5,1,6,4.0,2,2,0,77.8
22,0.0,2.8,2.5,2.7,1,86.4,6.3,1,4,4.0,1,10,0,74.6
21,,4.7,0.0,2.7,1,62.0,5.4,2,1,1.0,2,3,0,67.5
24,0.0,2.0,1.7,0.2,1,81.4,7.3,0,3,4.0,2,8,1,66.5
18,1.0,4.2,3.0,0.5,0,100.0,6.0,1,3,,1,4,0,78.4
17,1.0,4.3,1.3,0.0,0,82.7,4.9,1,1,1.0,2,7,0,84.9
18,0.0,5.1,2.6,0.9,0,96.0,7.0,1,0,4.0,1,10,0,96.6
19,1.0,7.6,3.0,2.9,0,99.4,4.8,0,0,1.0,2,3,0,100.0
18,0.0,4.1,2.1,2.4,0,87.2,5.5,1,4,1.0,2,10,0,83.1
18,1.0,2.7,2.7,1.6,0,76.6,4.0,2,0,1.0,1,3,0,36.9
21,0.0,3.5,1.3,1.8,1,60.6,4.8,1,4,3.0,2,2,0,60.0
21,1.0,0.8,2.3,1.0,0,91.8,6.7,1,2,1.0,0,6,0,44.3
21,0.0,2.5,3.2,2.0,0,76.9,4.1,1,1,3.0,2,6,0,41.6
22,0.0,2.9,2.7,2.6,1,86.8,4.7,1,3,4.0,1,1,0,45.5
19,,2.7,1.8,0.0,0,72.5,6.5,1,4,3.0,0,7,0,68.2
24,0.0,3.7,2.8,2.1,0,82.3,5.8,2,6,1.0,1,4,0,75.5
24,1.0,2.3,3.4,2.8,0,85.3,8.9,2,0,4.0,2,3,0,40.9
21,0.0,5.2,0.0,1.3,0,87.7,8.7,1,6,1.0,0,8,0,100.0
17,1.0,3.5,3.9,2.6,0,73.9,5.5,1,4,1.0,2,2,1,65.6
22,0.0,3.5,2.1,4.9,0,97.0,7.2,2,5,,0,9,0,75.9
20,,3.0,3.0,1.7,1,79.0,7.4,1,4,3.0,2,8,1,69.8
17,0.0,3.7,3.9,2.2,1,68.3,5.8,1,0,1.0,2,8,0,66.6
23,0.0,4.7,0.9,1.0,1,83.9,4.7,1,5,1.0,1,3,0,84.5
23,0.0,2.2,1.6,2.0,1,85.3,6.5,2,5,1.0,1,4,1,65.6
17,0.0,2.5,2.2,2.3,0,86.6,6.3,1,0,1.0,2,2,0,46.8
21,1.0,3.0,1.6,2.0,0,98.6,6.0,2,5,3.0,2,2,0,67.7
20,0.0,1.5,4.6,0.7,1,82.6,7.0,2,1,3.0,2,4,1,45.4
20,1.0,2.3,1.5,2.0,0,83.8,5.6,1,3,3.0,1,6,0,57.0
22,0.0,2.8,1.8,3.4,1,74.0,5.1,2,6,1.0,1,5,0,58.4
20,0.0,4.8,2.7,2.3,0,93.2,6.6,2,1,1.0,2,1,1,70.8
23,1.0,3.9,1.1,2.9,0,86.8,7.0,1,1,4.0,1,10,0,75.7
19,1.0,3.8,2.0,1.5,0,80.8,5.1,0,0,,1,1,0,55.7
21,0.0,4.8,2.9,2.6,0,66.0,7.6,0,0,4.0,1,6,1,82.1
20,0.0,3.3,2.1,2.1,0,99.4,4.4,1,6,1.0,2,3,1,71.4
22,0.0,4.1,2.4,0.8,0,72.7,5.8,1,3,4.0,2,3,0,66.7
23,1.0,3.3,1.9,2.2,0,79.1,6.2,1,4,1.0,1,7,0,70.9
19,1.0,3.9,0.7,0.7,1,88.6,5.7,0,1,1.0,0,1,1,73.0
18,0.0,2.6,2.9,1.1,1,73.0,5.8,2,5,3.0,0,1,1,53.9
18,1.0,0.0,4.6,2.0,1,70.1,8.7,1,3,3.0,1,10,0,43.4
19,1.0,3.3,2.5,2.1,0,63.8,5.5,1,1,1.0,1,3,0,55.4
23,1.0,5.6,2.8,0.5,1,92.2,9.4,1,4,3.0,2,8,0,100.0
22,1.0,4.9,3.3,3.0,0,79.5,7.0,1,5,3.0,1,1,0,71.8
19,0.0,4.9,1.0,2.4,0,100.0,6.6,1,1,,1,10,0,89.2
21,0.0,5.4,4.5,1.0,0,75.1,7.1,1,2,,2,4,0,83.9
21,0.0,3.6,2.7,0.1,0,75.8,9.5,0,6,1.0,1,9,0,89.1
18,0.0,3.8,4.5,1.6,1,79.3,5.3,2,3,1.0,2,4,0,53.5
20,1.0,2.6,1.6,1.3,1,87.4,5.2,2,6,3.0,0,10,0,72.9
22,1.0,3.0,4.7,1.9,0,80.3,5.6,1,0,1.0,1,8,0,61.0
18,0.0,4.4,3.4,1.4,0,91.1,6.5,2,1,1.0,2,7,0,69.1
20,0.0,5.3,3.2,0.0,0,75.2,4.4,2,5,1.0,2,3,0,77.2
20,0.0,3.3,2.8,1.4,1,71.2,6.5,0,5,3.0,1,7,0,71.9
24,1.0,2.8,2.2,1.5,0,67.0,8.5,2,3,1.0,2,7,1,74.7
21,0.0,3.5,3.9,2.5,1,62.8,6.7,2,3,,2,10,0,74.5
23,1.0,4.4,2.7,1.0,0,79.8,6.1,1,6,,1,3,0,85.4
17,0.0,1.3,0.1,3.6,0,82.0,5.8,0,5,4.0,1,2,1,44.3
23,0.0,0.1,1.2,0.0,0,78.7,7.6,0,5,1.0,2,9,0,53.4
17,,2.7,2.3,3.2,1,97.4,5.5,0,5,3.0,1,1,1,57.4
19,,1.7,2.9,1.6,1,97.3,8.7,2,1,,2,7,0,53.6
21,0.0,2.7,2.4,2.7,0,81.7,8.8,1,5,1.0,2,4,1,58.8
20,1.0,3.3,4.0,1.9,0,67.1,6.8,2,0,3.0,2,2,0,43.5
22,1.0,2.8,0.2,3.1,0,79.3,6.5,2,5,1.0,1,2,0,65.6
17,1.0,5.7,2.7,1.4,0,79.0,7.7,2,0,4.0,1,8,1,89.8
23,0.0,4.0,0.3,0.6,0,78.4,7.8,2,1,4.0,2,7,0,89.5
20,1.0,4.0,3.4,3.4,1,78.0,5.5,0,3,3.0,1,7,1,68.8
17,1.0,4.4,2.4,1.7,0,78.5,5.9,1,0,3.0,1,5,0,76.8
17,1.0,1.8,3.0,2.0,0,81.1,4.9,2,1,1.0,1,10,0,47.5
24,0.0,5.1,1.5,3.2,0,78.6,7.0,0,5,1.0,0,8,1,89.3
17,0.0,3.4,4.0,0.7,1,87.1,7.3,0,1,4.0,2,2,0,62.0
22,0.0,4.5,3.8,2.5,0,88.6,4.9,2,5,3.0,1,2,1,66.1
21,1.0,1.9,3.2,1.2,0,75.9,6.0,2,6,3.0,2,5,0,41.7
22,0.0,1.2,2.3,1.7,0,97.7,4.9,1,1,1.0,0,1,0,28.0
18,1.0,4.7,3.2,1.9,0,75.2,5.4,2,3,,2,6,0,71.0
20,,4.1,1.7,0.1,1,68.8,7.2,2,0,4.0,1,4,0,67.5
21,0.0,2.1,3.5,0.9,0,88.8,5.6,1,6,1.0,2,6,0,63.4
24,1.0,2.2,4.5,3.3,0,76.8,6.1,0,3,1.0,2,7,0,50.2
21,0.0,5.2,3.8,2.8,0,88.2,4.5,2,2,1.0,0,3,0,72.0
21,1.0,1.7,1.6,1.7,0,61.0,6.7,1,5,3.0,2,8,1,67.9
23,0.0,6.0,2.9,2.1,1,98.9,6.4,0,0,,1,7,0,100.0
21,1.0,2.1,0.9,1.5,0,91.7,5.6,1,3,3.0,2,1,1,55.0
24,1.0,4.5,3.2,3.3,1,70.0,6.3,2,0,1.0,2,6,1,59.9
22,1.0,3.0,3.0,1.6,0,70.2,6.7,1,2,4.0,2,7,0,63.2
21,1.0,4.4,0.3,2.1,0,100.0,5.5,1,4,3.0,2,4,0,84.5
19,1.0,2.7,1.1,3.1,0,77.6,4.7,1,5,1.0,1,2,0,50.8
20,1.0,3.3,2.2,0.9,0,76.7,8.7,2,5,3.0,0,10,0,94.0
21,1.0,3.6,2.1,3.5,1,62.3,5.7,0,1,1.0,1,9,0,65.6
20,1.0,2.0,1.0,0.1,0,81.5,6.4,1,5,1.0,1,7,0,61.7
19,0.0,4.6,3.0,3.6,0,82.7,7.7,2,5,4.0,2,1,1,66.0
19,1.0,2.7,2.8,1.4,1,92.2,10.0,0,3,1.0,1,8,0,86.9
20,1.0,3.2,2.3,1.5,0,71.0,5.0,2,6,1.0,2,3,0,59.6
17,1.0,2.0,1.6,0.0,0,69.8,7.0,2,5,1.0,1,4,0,49.1
18,0.0,0.0,3.8,1.3,1,89.5,5.7,2,5,1.0,1,5,0,31.1
23,1.0,3.2,4.5,0.7,0,95.1,5.9,1,2,4.0,2,1,0,45.7
17,0.0,7.1,1.9,1.1,1,69.3,5.6,2,6,1.0,1,6,0,100.0
17,1.0,4.7,1.8,1.6,0,95.8,5.1,2,2,4.0,2,10,0,81.1
22,0.0,3.5,3.1,2.9,1,85.4,6.5,2,0,4.0,1,6,0,55.1
23,1.0,3.1,2.1,2.0,0,95.9,4.7,0,0,1.0,2,2,0,53.3
23,,3.5,2.3,2.1,0,84.3,7.6,2,5,1.0,0,10,1,89.1
17,0.0,4.3,3.4,0.6,0,59.8,6.6,1,5,4.0,1,6,1,77.3
21,,1.7,0.2,0.8,0,83.5,7.0,0,1,1.0,2,8,1,56.4
22,0.0,5.2,4.1,3.8,0,95.6,5.9,1,0,,2,6,0,76.1
22,1.0,4.6,2.6,1.0,0,76.1,6.1,2,3,1.0,1,4,0,74.6
19,1.0,4.6,2.0,3.6,1,81.1,6.8,1,5,3.0,1,4,0,83.0
24,1.0,4.2,2.4,1.5,0,83.2,5.1,1,3,3.0,1,9,1,85.9
23,1.0,3.5,2.5,1.8,0,56.0,6.1,2,5,1.0,1,6,0,64.5
17,1.0,4.5,0.4,3.0,0,100.0,5.5,1,3,1.0,2,8,0,91.9
19,0.0,4.4,4.3,3.2,0,76.0,5.4,2,4,4.0,2,8,0,74.6
20,0.0,3.0,2.5,1.7,0,90.1,4.0,1,3,3.0,0,7,0,70.9
18,1.0,2.6,3.0,1.4,0,84.1,8.1,1,6,3.0,1,3,0,66.7
24,1.0,3.7,3.6,1.7,0,97.6,5.7,2,0,3.0,2,10,1,77.4
24,1.0,5.8,1.3,2.2,1,89.1,7.9,2,5,1.0,1,1,1,99.0
24,1.0,1.6,3.1,2.8,0,82.7,7.8,1,0,3.0,2,5,1,43.5
22,0.0,1.3,2.2,1.8,0,76.1,5.0,2,6,1.0,0,10,0,53.4
20,1.0,3.7,3.5,2.5,0,93.0,5.2,0,6,1.0,2,10,1,81.0
24,0.0,3.6,0.0,3.6,0,66.3,9.6,1,3,3.0,1,2,0,66.2
20,1.0,3.8,2.4,2.2,1,91.5,8.6,1,2,1.0,2,10,0,88.0
21,0.0,3.9,1.8,2.1,0,74.0,6.5,0,2,4.0,1,2,0,64.4
24,0.0,3.2,3.0,0.1,0,97.5,6.8,1,6,1.0,1,7,0,82.4
18,0.0,5.7,3.1,0.0,1,86.6,5.7,1,2,4.0,2,3,1,80.9
20,0.0,1.1,1.7,2.2,0,91.4,7.0,0,5,4.0,0,8,0,59.6
20,1.0,2.3,1.6,1.7,1,85.8,5.6,1,1,1.0,1,9,0,56.2
18,0.0,3.3,2.4,1.2,0,67.5,4.1,1,4,3.0,1,8,1,72.5
24,0.0,1.0,1.4,2.1,1,76.4,4.9,1,3,1.0,1,6,0,47.6
18,0.0,3.2,3.5,1.7,0,91.7,6.5,2,1,4.0,2,5,0,63.6
20,0.0,6.0,2.1,3.0,0,86.7,5.1,2,2,1.0,2,3,0,85.3
18,0.0,3.5,0.0,1.9,0,96.8,6.4,1,3,3.0,0,3,0,71.8
20,0.0,3.8,2.1,1.0,0,89.0,5.2,2,1,1.0,2,7,0,70.9
20,1.0,1.6,1.3,2.9,0,75.3,5.6,2,0,1.0,1,5,0,41.7
21,1.0,2.6,0.5,1.6,0,77.0,7.5,1,2,1.0,2,6,1,76.1
17,1.0,2.9,1.0,2.4,1,86.0,6.8,0,1,1.0,1,6,1,65.9
20,0.0,3.0,2.6,1.3,0,61.9,6.5,2,5,3.0,2,9,1,64.4
24,0.0,5.4,4.1,1.1,1,100.0,7.6,1,0,3.0,1,1,0,69.7
19,1.0,4.3,2.9,1.9,0,89.4,7.1,2,2,3.0,1,8,0,74.9
